preprocessing,psm,correct,total,accuracy
raw,12,15,28,0.536
grayscale,12,15,28,0.536
raw,11,14,28,0.5
grayscale,11,14,28,0.5
otsu,11,13,28,0.464
otsu,12,13,28,0.464
upscale2x_otsu,11,13,28,0.464
denoise_otsu,11,13,28,0.464
denoise_otsu,12,13,28,0.464
upscale2x_otsu,12,12,28,0.429
adaptive,12,8,28,0.286
adaptive,11,7,28,0.25
raw,6,6,28,0.214
grayscale,6,6,28,0.214
denoise_otsu,3,6,28,0.214
denoise_otsu,4,6,28,0.214
raw,4,5,28,0.179
grayscale,4,5,28,0.179
otsu,4,5,28,0.179
adaptive,6,5,28,0.179
denoise_otsu,6,5,28,0.179
raw,3,4,28,0.143
grayscale,3,4,28,0.143
otsu,3,4,28,0.143
otsu,6,4,28,0.143
upscale3x_adaptive,6,4,28,0.143
adaptive,4,3,28,0.107
upscale2x_otsu,3,3,28,0.107
upscale2x_otsu,4,3,28,0.107
upscale2x_otsu,6,3,28,0.107
upscale3x_adaptive,12,3,28,0.107
upscale3x_adaptive,4,2,28,0.071
upscale3x_adaptive,11,2,28,0.071
adaptive,3,1,28,0.036
upscale3x_adaptive,3,1,28,0.036
