image,engine,final_price_guess,price_source,all_prices,weight_unit_guess,name_candidates,raw_text,correct,notes
banana.HEIC,tesseract,,none found,,2lb,LA SK,"me |  | ~ = |  | ee |  | we |  | a |  | on |  | ee. |  | a L |  | eee |  | a |  | ae |  | _—— |  | ae ale |  | es Stet. |  | ~——— |  | a |  | 7 |  | 7 |  | a |  | = |  | ore |  | -— |  | oe |  | a |  | a |  | Toe |  | ""a ae et a a |  | ae |  | — |  | ei |  | an |  | — |  | A |  | — |  | rn ene _ |  | ae |  | oo |  | wD |  | \ |  | — |  | Fw |  | a |  | a |  | ahediaeneiampenideee |  | na |  | en on |  | vee |  | aor |  | LD eat a |  | — |  | ite vs |  | irae |  | ATA dyer |  | —_ |  | te |  | wh |  | anger |  | Sot aerate Sete |  | rence 2 tena, |  | tines |  | A |  | a a |  | penrerts |  | Nae |  | qc |  | eee |  | meee |  | \ . |  | | |  | “a |  | I |  | oS |  | pormmmementd |  | iO |  | Sy |  | »* |  | iN |  | oe |  | Lotus |  | a |  | = |  | est: |  | a} |  | y |  | é |  | a |  | —. |  | tex |  | \ |  | wD |  | ee |  | organic |  | ee ee |  | en |  | Good & Gather f |  | +4 |  | <a |  | resh | |  | hw |  | aD |  | B |  | A |  | ir |  | 1 |  | bananas 2lb a |  | 4 |  | OO |  | — |  | = . |  | “A: |  | ey, |  | —e |  | ne |  | a |  | 59| f |  | imu Hue C) |  | ee |  | aes |  | ak |  | Paeeeet |  | 2S Lapa eT |  | pee |  | earn Ala |  | Creer rer Cree |  | ye |  | \ |  | As |  | e |  | S |  | Olofo |  | Cy |  | és |  | a |  | 4 b |  | So) |  | aN |  | x |  | a |  | orn rye cy. |  | = |  | mY en |  | —— |  | eae |  | Rory |  | =e |  | —, |  | =n I |  | co |  | OE |  | IE |  | i |  | manemest Gh Yeneed |  | ine |  | | |  | we, |  | ary |  | ne |  | _ —— |  | a ee |  | ao |  | Se |  | fa |  | ——— |  | PANY |  | w |  | aN |  | wd |  | & |  | i) |  | at |  | if |  | i |  | Rad |  | ud |  | Soy |  | a) |  | memes |  | cen |  | _? |  | 2 |  | fs See |  | nm |  | “¢ |  | x (ic (ex |  | aa |  | a ke |  | ‘ee |  | ~4 |  | TNS |  | er |  | a pe |  | £3} |  | oka |  | O i |  | Git |  | rm | |  | od. |  | at |  | a, |  | Sel |  | 3, |  | i |  | f"" |  | 1 iting aa |  | bat Eevaoeereer |  | +P whe |  | a |  | Ab |  | a |  | i ia |  | a Ya |  | gh |  | —S |  | SN thee |  | UN |  | te Fas Oe |  | ay |  | ei. |  | al |  | Po |  | ca |  | we |  | SNE |  | trey |  | = |  | Ss) |  | * Ne! |  | Hi: |  | TICE Fr wee |  | | |  | a |  | \ |  | y |  | | |  | AS |  | = |  | oree |  | ae |  | fae |  | aay |  | ead |  | i |  | > |  | ~~ |  | 2 IEE. |  | ps |  | | |  | ot Aff! |  | ras |  | Ne |  | wats |  | Wan, |  | “y |  | Ne |  | yy |  | Fe |  | bn |  | fe |  | di |  | ia | |  | oy |  | Se |  | id |  | ~~ |  | ‘| |  | be |  | oe |  | atone fe |  | = |  | ms |  | } |  | wesey |  | aoe |  | ° + done |  | 7 ee |  | Ek 2a |  | REG |  | & E |  | 7 ghd |  | 7 |  | -” |  | Ce a |  | eerww be |  | ras |  | I—{— |  | aie |  | \. ate |  | \ |  | + $e |  | pn) |  | Nt |  | es |  | if |  | = |  | ) |  | ——- + olen |  | a v4 |  | . = |  | - |  | ~~ as Eo }—= |  | oe |  | Ae |  | fo |  | (Seen |  | sf |  | “= |  | os |  | —— |  | R |  | Ls |  | ats |  | & |  | fe |  | \\ |  | a |  | _e |  | te |  | WO |  | — |  | roe |  | ty |  | a” |  | awe Bey |  | Oa |  | met |  | — |  | we |  | =v, |  | i |  | Pe Dal |  | | 4.¢@ |  | a |  | ae ee |  | > a |  | \ \ |  | +a |  | —_— |  | ae ee |  | 4 |  | ™ |  | ds |  | pene |  | ~~ |  | dane Ube |  | basse |  | ane |  | lj |  | Shes |  | a |  | ===. |  | SS |  | iN x, |  | Minto |  | sone |  | ee |  | i |  | or |  | A |  | NE SEs |  | ate’ * |  | \z |  | bIS32 |  | ty |  | ics |  | Jat |  | aany |  | ad |  | x |  | meee |  | wee |  | ftTTt wn |  | ta bk Sokal |  | ~ em |  | wee |  | - LE |  | ae, |  | ee |  | ra) |  | y |  | Se at ere | |  | ays. |  | t- |  | of |  | aN |  | cdl |  | et Nt Oa Se |  | (ix. |  | ba |  | aa |  | i |  | => |  | Liss: |  | es ao, |  | a, |  | Wie |  | 7a, |  | pom |  | a5 |  | my ed |  | ie) — |  | | |  | ee. |  | an ~, |  | ap |  | 7 ~ |  | T= |  | =z |  | = |  | Wtins |  | . en wires s. |  | Obhety |  | Ww |  | om |  | Siow! |  | Cz |  | [ts es, |  | 4 |  | aw |  | Ly patent |  | 1 WE, |  | GI |  | wae |  | ; SPE |  | po |  | ee |  | OO een F |  | ay |  | 3s |  | ain’ |  | 4 |  | 4 |  | Vw: |  | —_ |  | a se ee St |  | atvy |  | | y |  | or ft ge |  | I ce ok ger |  | fone F |  | Ky |  | ty |  | z |  | a |  | oe a atoared |  | vee beer |  | is |  | fo] |  | yar |  | ba |  | a |  | Fad |  | — |  | {r |  | we |  | wh |  | = |  | A ee. |  | A foe, |  | eG) |  | = |  | 7 |  | Nf |  | Noy: y} |  | eee eS |  | =| |  | add |  | %, |  | a |  | i |  | "" |  | IS |  | oy |  | _ |  | mY | en | — |  | oo |  | “¥ |  | 1 |  | SN |  | 4 |  | ~ |  | Seon |  | Se 9) |  | a |  | 7 ay |  | = |  | steal |  | A Pe |  | NN |  | ae |  | ae, |  | x |  | f, |  | ~s, |  | an |  | cet” |  | Ser |  | ze |  | (3 |  | See |  | Pee |  | x4 |  | yr |  | ty, |  | — |  | Ul |  | VA |  | 2% |  | Se ty: |  | ye |  | vip fs |  | =\¢ |  | ke: nen |  | ayo |  | ae |  | \ |  | fan |  | = |  | te |  | we |  | re. |  | Bi |  | ~ =~. |  | Hd ed |  | > ae |  | Tg |  | & |  | bmn |  | reg |  | d, |  | =| |  | aed |  | ¢ —. |  | ae aad |  | — |  | y |  | SS |  | ~ |  | a, |  | NY |  | “a= |  | supe |  | 37-4 |  | \\Ny |  | em, |  | wa |  | reer |  | rt |  | fan |  | at |  | a |  | S |  | \\ |  | ER |  | wena aC |  | — |  | a |  | 5 |  | Oo |  | Named |  | eth ae |  | (= |  | \\ |  | all |  | a |  | we |  | ae |  | \ee |  | Sie vate |  | ———erey |  | Ben |  | at |  | 2 |  | Bee |  | 7 |  | Ne hd] tae |  | peony |  | os |  | Unk: |  | on |  | wR |  | Pond |  | Wee |  | ire: |  | ""i |  | id |  | es |  | i, |  | gt |  | if} |  | eg” |  | ~/ |  | cael |  | am |  | \ |  | o |  | cH |  | rv |  | — |  | IT te nage |  | x |  | y |  | oS |  | eS mete |  | {| |  | ee |  | Vs |  | rit |  | iid |  | ae |  | — |  | = |  | Neer |  | ee |  | u |  | we |  | Yi |  | ea |  | | |  | Yor |  | NG. |  | eae |  | es |  | Le S |  | Ab |  | in |  | gti} |  | ie |  | aap, |  | y |  | y |  | cass |  | ; |  | — & |  | sac |  | 7] |  | La |  | ww Sh |  | a ee |  | 38 |  | N |  | [*. |  | ed |  | Se |  | “sy |  | *s bag Nr |  | es |  | 4 ~ |  | f — |  | All |  | Nd |  | Sine |  | all] |  | AT 2 |  | ue |  | y |  | ~ |  | 3 |  | 45 |  | ee |  | NS |  | ey |  | 4 |  | v » |  | — 4 |  | Nis |  | ~ |  | NX |  | -- |  | a |  | 5 |  | wy |  | ad |  | \Naae |  | an |  | as |  | tt |  | vt |  | at |  | WX |  | Ohad |  | OE eee mere |  | e¥h |  | f |  | a |  | \aon |  | fei |  | Wy |  | “€ |  | wee |  | ace |  | tps |  | tee |  | +4 |  | rtf |  | wt |  | “e |  | re |  | se |  | gat |  | e |  | ~ we |  | —— |  | en |  | = |  | di |  | { |  | ns |  | ) |  | =. |  | se |  | einen |  | wos |  | ams |  | —_— |  | PAN |  | \* |  | Kum, |  | ~t |  | 7 |  | mo |  | fae |  | oie |  | UI ft |  | a |  | we |  | As |  | Ye |  | “AF A |  | — |  | -_- |  | tn |  | 400 |  | a AT |  | ‘N |  | ENG |  | e+ |  | at, |  | Lyf |  | Lk, |  | nay |  | Ty js |  | mer |  | Sy t |  | tn |  | 48, |  | = Be |  | oN |  | ie |  | 1 |  | G. |  | ae |  | ian) |  | o* |  | cn a oe |  | ~ |  | x. |  | tL |  | ad |  | CAs |  | Bel |  | fie g |  | é |  | rf |  | ae |  | ze |  | ee |  | ms |  | oye |  | acl |  | BIEL |  | SOF: |  | ~ew as |  | af |  | “ih |  | ‘S\ |  | Thom. led |  | a |  | aS |  | Ae Qk |  | LA SK |  | We |  | ged |  | Rage |  | a |  | eo |  | LO |  | th |  | ~ |  | OF |  | ae |  | as |  | se |  | a |  | ay |  | om, |  | a |  | hs |  | by, |  | 2 a |  | » |  | ~ |  | ne |  | A; |  | aS + |  | we |  | ” |  | Gh |  | y |  | FS |  | See |  | OX |  | = |  | rr |  | ~ |  | —— |  | aS |  | Fit? 2 |  | av, |  | Ss |  | 4 |  | an |  | a |  | <= |  | oe |  | ol |  | fe |  | \ |  | ~“Z |  | y: |  | _ |  | oe. |  | PYaA |  | ES |  | Sy |  | pide a ana |  | Q |  | Na |  | bes |  | Fea: ip Ym |  | wi |  | t 1 |  | i! |  | eens |  | tee rereran |  | oo |  | SS |  | \) |  | ay a |  | ne |  | Ve> |  | a |  | i |  | Le |  | } |  | aaa |  | ~ |  | y* |  | gy |  | fs |  | an, |  | iy) |  | oy |  | eee |  | wea |  | roe) |  | se |  | vf |  | ia el |  | UA |  | tI |  | SB |  | SSE |  | Ses |  | ~N |  | Ve |  | NY |  | ys |  | ee |  | Z |  | Yo |  | ey |  | = |  | hee Re |  | if {ft |  | as |  | x8 |  | ad |  | mame ~ |  | a, |  | yo |  | / |  | ~~, |  | SOY |  | N |  | Ares |  | ee, |  | 7 |  | fe |  | tig tl |  | ro 2 |  | on |  | fy |  | fat |  | re \ |  | ena} |  | } |  | é |  | |, |  | ~~ |  | > |  | et |  | Woy | ",,
banana.HEIC,vision,1.79,fallback: first $ price,"$1.79, $3.89, $2.99","2lb, 2ct",EAPULSA | CERTIFIED ORGANIC BY | QUALITY CERTIFICATION SERVICES | PRODUCT OF ECUADOR | ABRASHE | ORGANIC,Good & Gather fresh organic | bananas 2lb | $179 | Good&Gather | Market | T1886/207-00-0001 | 3.1 | $389 | Organic On The Re | Tomales | $2.99 | 2ct Beef | NON | GMO | ganic | bananas | EAPULSA | CERTIFIED ORGANIC BY | QUALITY CERTIFICATION SERVICES | PRODUCT OF ECUADOR | TMA palget Brands | Shop Target.com | Go | Gu | nas | Gut Serv | ABRASHE | -วอน | 8900 | 9 | USDA | ORGANIC | G,,
bread.HEIC,tesseract,,none found,,1.25LB,ONT PRICE | PEA LB | WONDER BREAD | WONDER WHITEBREAD | FLOWERS,"ett nes |  | acai Oe, |  | C a |  | yy |  | CL ° |  | La |  | ha |  | Co aa |  | CN ie |  | & |  | 0 |  | <> —™>» |  | anal |  | o~ ._. |  | “mi |  | SS |  | C |  | 2D, |  | a |  | SS |  | ee, |  | 4a |  | ra |  | “aN |  | *s |  | yt |  | <a |  | et |  | we |  | @; |  | qP |  | ean ae |  | ScD |  | ~% |  | C |  | ) |  | XX |  | ID |  | _ |  | See |  | a |  | o |  | (y |  | y |  | AN |  | oun |  | gs |  | Ay |  | ( ~ pai |  | eve, |  | a) |  | tata |  | Mr, |  | ar |  | pata |  | allie |  | a |  | SO eras |  | VAL |  | on |  | O} |  | ( ) |  | —)/ |  | A A ARRAN AS rena on ae LS |  | I |  | eed |  | >, => |  | em ree. |  | | |  | I |  | Sena GA |  | | |  | ‘ |  | Fa Co :.m |  | yy ONE |  | ’A\ RR |  | Ke Lae ai |  | LN: LT - coeRe eee tem Ve RN . een: -emenmenneemee tpege |  | Waser Wy |  | Preemie |  | ONT PRICE |  | ens |  | “nara AIL PRICE |  | Tm cemti g ee at rt sn Sennen eee |  | PEA LB |  | ] A |  | 5 |  | 1.25LB |  | WONDER BREAD |  | 3-2-1.99 |  | 261 01 0550 |  | 4 |  | WONDER WHITEBREAD |  | rae ee |  | Yneteee: Pe Pere: |  | ihc anmeioae:, ae: |  | ScnupRIROERSTDUEUSinemtunsaveninaadiomtemenn ee |  | TTY Toy WL |  | FLOWERS |  | ae |  | rey |  | Viel |  | oa |  | BI) |  | i |  | j |  | 4 |  | ry |  | & @ |  | ag |  | \ |  | ~ |  | O |  | by |  | D |  | } |  | ) |  | S&S |  | yj |  | Yj |  | 0) |  | Oe |  | a |  | Cx |  | CA |  | ron |  | z? |  | t |  | Cc |  | I |  | Ie |  | yor |  | eres | ",,
bread.HEIC,vision,2.69,label: RETAIL PRICE,"2.15, 2.69","1.25 LB, 20 OZ, 1 LB, 4 OZ, 567g",BUTTER B | CONTAINS | WONDER | CLASSIC WHITE | CLASSIC W | UNIT PRICE | RETAIL PRICE | PER LB | WONDER BREAD | FLOWERS | UM FORTIFIED ENRICHED BREAD,"cee | BUTTER B | $4.49 | G | S | "" | 4X | CONTAINS | WONDER | CLASSIC WHITE | WOND | CLASSIC W | 00 | no | UNIT PRICE | RETAIL PRICE | 2.15 2.69 | PER LB | 1.25 LB | 261 01 0550 | 3-2-1.99 | 4 | WONDER BREAD | 200Z WONDER WHITEBREAD | FLOWERS | ONDE | UM FORTIFIED ENRICHED BREAD | ET WT 20 OZ (1 LB 4 OZ) 567g | AST 4X THE CALCIUM OF REGULAR WHITE B",,
cheese.HEIC,tesseract,4.55,fallback: first price,"4.55, 1.99",7OZ,FRESH | SA EY | CNS RES | CLASSIC | HET WN | AGKBERN | QUEEN AN XM | UNIT PRICE | UNIT PRICE | RETAIL PRICE | PER LB | GG CHEESE | PER LB | FINE CU,"‘ |  | x, |  | Need |  | Nee! |  | ~ + |  | we |  | = |  | _ |  | nae |  | ~ |  | 5 |  | Ae |  | ed |  | a |  | be. ose |  | we |  | “« |  | od |  | reall ~ |  | {- |  | GG |  | — |  | aa |  | eres |  | ———— |  | ~ |  | —— |  | ant * |  | ere |  | ae |  | Paiesepeae: |  | oO etomethetat | |  | fae |  | Santa yeeetlntaaeca a |  | SS. eer |  | see |  | a |  | —_—— |  | AS |  | Penne ae |  | heats |  | on |  | oer |  | wee - |  | woes |  | Mé |  | Vigeran nat |  | jaca ee |  | sists |  | a camel |  | oS af |  | bob |  | wae |  | eee |  | cate nant A |  | an a |  | aah} |  | The |  | pene. |  | Ces. |  | df anonnreee |  | 4a |  | ye SN |  | \~ |  | ween |  | Se |  | watt ep |  | YEA |  | ae |  | elt Md ne |  | A |  | wo |  | Wier, ~s |  | NES |  | period |  | 7OR FRESHNESS |  | wt |  | ge Tee |  | FRESH |  | asad t |  | op pn tte, |  | rat |  | oor |  | roe Cig hk |  | ARYL |  | Bebe |  | ake |  | ed —~ |  | i - alee |  | } |  | ae |  | SS |  | rp |  | wali |  | oe |  | Ayo |  | Wren |  | aw |  | Pope |  | on |  | mov medi |  | sees |  | AP i, |  | wey |  | RO |  | yt |  | ae |  | ead |  | hid Pacey |  | aI |  | ‘t |  | uM |  | AQ Y i |  | rie) |  | Sess, |  | oe |  | ees |  | aah |  | Ai 3? |  | an |  | ‘a Wed |  | Cae |  | dhe nem |  | — |  | ne |  | oY |  | FD) |  | eee |  | pee |  | ee idith |  | pry bierecbhegerry |  | Tee) oe |  | Se: |  | aa we |  | ae |  | we |  | a eal |  | ie rake |  | Bt |  | ee |  | wee ee Se |  | if |  | as |  | eT |  | pa AARaRSS |  | bane |  | —— |  | — |  | ane |  | Mada e 80) |  | Keo |  | bes} |  | aw Fp, |  | we |  | ne aad |  | a |  | the! |  | eae |  | ro) |  | LE |  | Fe me ff te eal Len |  | aa |  | of |  | Y ho! |  | eck |  | <a |  | eA a, |  | Ne |  | KS |  | Laven |  | aes |  | (US |  | nfs |  | ie |  | rere |  | Teer f |  | com |  | caus |  | ite |  | Len |  | ay |  | Gon uy |  | TN |  | digg |  | ge |  | es |  | oe |  | Syed |  | shh if |  | hela |  | ~— |  | ad |  | d |  | aetthl ce |  | aA! |  | Nee! |  | Ly, |  | Sa |  | wan” 5 |  | cu |  | ened |  | ae |  | on |  | me |  | a |  | SA EY |  | ae |  | exces |  | Eaed |  | eo |  | aed |  | ed |  | ge Le |  | a |  | “ |  | ee |  | “=: |  | p |  | ans |  | E |  | aa nt |  | * Hl |  | mee |  | “Se annie Mer ini'i |  | Mee |  | hed |  | =; |  | Seen SY |  | 2 em |  | t |  | oe |  | ee we |  | we |  | ike |  | bes |  | ere |  | Me |  | a |  | 752.4 |  | oye |  | tee! |  | iy |  | Le |  | Nae |  | 4 |  | Sm |  | ate |  | [Sal |  | CNS RES |  | Pe |  | f |  | b |  | ora |  | sh |  | mow |  | 4 |  | cg? |  | “1 |  | PAG |  | Caettay |  | rue) |  | Bie |  | eS |  | ae) |  | whe |  | ™ |  | fee |  | ve |  | as |  | is |  | 4 |  | ty \ |  | ZA |  | a \ |  | they |  | oy |  | & |  | = |  | NY |  | 4 |  | B |  | ee |  | Jat |  | = |  | {i |  | a |  | Reet edition |  | “ |  | (3 |  | mn, |  | aw |  | iy |  | a |  | Ob eo |  | 4 |  | bears |  | eee Hl |  | paasparcesse sens |  | ane, |  | aN |  | se am |  | ItHlAS |  | i |  | 7 7 |  | 7 |  | ~ oe |  | iA |  | Spee |  | ae |  | oe |  | Mi |  | “{ |  | IAFORMATIOS ia |  | i |  | a, |  | He |  | Tae |  | | |  | |e |  | \ |  | See | |  | = |  | ne |  | eee |  | eee |  | eee tener |  | } |  | it |  | Ai |  | rd |  | ess |  | ll |  | een |  | SACATEE il onl He |  | Fay |  | % |  | wie"" 5 |  | CCU |  | ones |  | 5 |  | hee |  | WN oes |  | ' |  | Lo” yan |  | Ei |  | aes |  | ea |  | ran |  | ie |  | or |  | go™ |  | 4 |  | 2 |  | ek, |  | et |  | or |  | NE |  | SQ |  | ai |  | FS |  | RS, |  | if! |  | yy |  | ~& |  | TaN |  | fs |  | vant |  | c i |  | can’ |  | a |  | oy |  | Nes |  | oon |  | IS |  | aca |  | at |  | ave |  | CaN |  | | |  | ~ |  | - |  | wd |  | SS |  | \ |  | i |  | WY |  | {! |  | = |  | 7 |  | 7 ¢ |  | Se |  | A |  | coal |  | weed |  | Al |  | i |  | J |  | ay |  | Ss |  | Sina |  | om, |  | Xo. |  | See |  | ay |  | =, |  | ara) |  | aS |  | AX |  | AY |  | 4 |  | MN |  | NS |  | x |  | ms) |  | SS n |  | ae |  | Cee ~~ |  | re te |  | a. |  | 4 |  | tae |  | Sb |  | nee |  | Biahtis |  | Sms |  | ae |  | i ment |  | ae |  | a |  | oa ee |  | hee |  | Sas |  | 2 |  | By |  | wed |  | ref |  | & |  | sn |  | ee |  | ee |  | fe |  | oT” |  | e |  | re) |  | VW |  | oc |  | See |  | ve, |  | os |  | a |  | ——. |  | ah |  | oN |  | Pye may |  | 5 |  | oe |  | +i |  | CLASSIC |  | me |  | oF |  | oo |  | é |  | ls |  | - TS |  | J |  | ba |  | Ny |  | Pons. |  | 4"" |  | or a, |  | LI |  | \i |  | ¥? |  | im |  | — |  | os |  | ad: LOY |  | a |  | gern tn ae |  | -oOoO |  | ag |  | ae |  | 74 |  | ""¥, |  | eo |  | 4 |  | Ly |  | a , |  | “ey |  | an |  | am |  | AE |  | , aa |  | - |  | — |  | ie |  | os |  | AA |  | rer |  | an |  | df |  | ye |  | oe |  | m7 1 |  | | ce |  | ae |  | a |  | we |  | res |  | Th |  | ore |  | re |  | \ |  | — |  | = |  | ~-— |  | — |  | ww |  | Sf |  | a |  | oe |  | ad |  | eek |  | ey |  | =. 7 |  | “A |  | \: |  | ion Ne |  | fot, |  | RR ea |  | ar |  | yw |  | a) |  | ZA |  | 4 |  | wok |  | Fas Ss |  | RT |  | rename aaa |  | ro |  | a |  | SAQA |  | ve |  | pare |  | ae |  | See |  | a |  | woe |  | abe, |  | pares |  | ee |  | TSS? eter |  | enorme |  | ~— |  | ened |  | SS |  | eto |  | renee ar |  | LT |  | we |  | en |  | ot |  | ra nek nen Be |  | ~ |  | —_ |  | rere |  | ~~ |  | SZ |  | pear |  | ~— |  | — |  | — |  | . - |  | mm |  | a |  | BEST IF. USED. BY |  | H |  | in |  | 23 |  | - ah |  | ~. |  | - |  | eo oie 5B “toss” AY |  | an |  | yf |  | oe |  | ~ |  | eae |  | ’ |  | over |  | ~W |  | . |  | ~~ |  | i |  | 8 |  | ~ |  | {> |  | ao |  | a |  | we |  | a“ |  | aa Reet a ‘Ye |  | “A |  | ae |  | Soe |  | ard |  | read |  | a |  | — |  | Fae |  | caste tee nny |  | mee” |  | ts |  | pe |  | 7 |  | ~ Sa? |  | + |  | ~ wk |  | ts |  | Me |  | jee |  | 4 |  | ee ol |  | ~~ |  | aime |  | a |  | a |  | ad |  | i |  | L. |  | eral |  | oT |  | oe |  | fg |  | od op batt |  | — |  | “) |  | me |  | ae a |  | a |  | ie |  | tae |  | me of |  | wf 4 |  | ee |  | Se |  | te |  | is |  | hae |  | wee |  | woe |  | e |  | eee |  | rae |  | /, |  | ees |  | ~~ |  | ao |  | SL |  | a |  | Soe |  | eo Fe |  | = ee |  | a |  | =. |  | Prd |  | ae |  | | |  | eee ee, |  | “ |  | Vy |  | gr |  | X |  | i"" |  | as |  | Ma |  | ® |  | ; { |  | f. |  | Y |  | aes |  | ~*~. |  | “ |  | SS |  | wt |  | A |  | an |  | can |  | obi |  | ae |  | cr |  | a |  | fs |  | se |  | ate |  | aoe |  | Oi |  | fs |  | perce BEM Yh |  | i |  | a |  | e pF |  | ra |  | tee : |  | toby |  | te |  | a) |  | rf |  | «el |  | fi |  | say |  | ae |  | poe |  | KM |  | +) |  | . za iN |  | ae , |  | oY |  | ae |  | wrens ot, |  | ow |  | HET WN |  | RENUECED chy Ny |  | RUA |  | \ |  | aries |  | Aaron) |  | Lay |  | Sate |  | iN |  | ‘a |  | Lady |  | rages |  | cae |  | “e |  | TAS ee |  | ea |  | SSeS |  | aes |  | cae Lt, |  | pe aoe ae |  | Gen |  | ster, 4 £ ° |  | Fay |  | 2heh |  | = |  | one |  | ete |  | earner |  | “ |  | tiene tes |  | Heck be |  | AGKBERN |  | QUEEN AN XM |  | ay |  | rer |  | = |  | fs |  | rarer |  | ee |  | ==! |  | pet |  | eae ie iets 3% |  | re, |  | N |  | Wren |  | a |  | eens |  | ———— |  | a a |  | {RPI OSES |  | ree |  | ‘a ee |  | ae, |  | pores ated |  | . |  | ans nem ngy |  | sacar nn a aaill |  | fas |  | — |  | Foomatic |  | Andaman alas nile |  | i Nt hae eM |  | tem |  | —“S |  | a |  | nee cad |  | Se |  | “~ |  | ce |  | Ver |  | att |  | oe |  | —— |  | gar |  | UNIT PRICE |  | 4 |  | UNIT PRICE |  | ‘ |  | RETAIL PRICE |  | Sf ag |  | he |  | “> |  | 4 |  | iN |  | 1741 |  | ws |  | f |  | ys |  | a |  | Oy : |  | yr |  | jos |  | 1 |  | +6. 15 |  | 4 |  | ne nee Se On ee |  | oa |  | fee |  | 7 ne alta, |  | 14 |  | puoreceneg |  | eee! |  | 4.55 |  | a |  | Py |  | we |  | yee |  | Oey |  | 1.99 |  | mi LE ne nt |  | st |  | Roy |  | Pe |  | ve, |  | wn eee |  | etl |  | ‘ |  | j |  | PER LB |  | GG CHEESE |  | he |  | vt |  | \ |  | “ |  | ae |  | PER LB |  | Ell |  | A |  | — |  | aero yy |  | ale ’f. |  | wv? |  | rrateah |  | ony |  | ‘Ae Nias atten |  | Ped |  | #h |  | RF MEXIGAN SHRED 7OZ |  | phan = |  | fh |  | ne |  | ae |  | ye ee |  | Waa |  | meee |  | 284 140 |  | eae |  | ao |  | "" |  | a |  | val |  | AG |  | rs ee eeraitearrest a |  | ee dy |  | a, |  | 13 |  | panes | |  | 284111324 4 |  | Pe oe |  | tng |  | ~————~- |  | al ENS, hae |  | we |  | foe |  | UA AYMAN 1 Ed vets HU | IE |  | “ae |  | hal |  | =a |  | = |  | ew, |  | $4-4.099 |  | ne See) |  | in |  | wae |  | Tae 3-4-5,099 6/29 |  | a LY |  | * |  | ee |  | —— |  | a |  | ee |  | olen |  | <——? |  | for |  | Ms |  | Sonn Pay tT pay |  | eer |  | tel sect |  | see |  | ia oa |  | Fane s |  | > |  | Page |  | on! |  | \ |  | ~O |  | marae |  | se a |  | ed |  | cian |  | anes, . |  | a Ll, |  | are ee |  | ti aL PE |  | pets raat tome |  | mat me |  | hee |  | as |  | & |  | A |  | ey |  | an. |  | ease Tag etna, |  | ae ee |  | , |  | ST ee umaamenmeenmaeil |  | Seer enna aes |  | ———_ |  | rns, |  | det |  | Lae |  | ANN as tet mates mir ffm ate y tamper army rine mp ene Ae RN I |  | ne nent I I |  | IB age vey |  | ~ wie |  | ir |  | on |  | = ponent |  | Pad |  | mY |  | a |  | we. |  | ~ |  | a |  | . eat |  | Tt |  | > |  | 2 |  | > |  | \\ |  | ate |  | se |  | AN |  | eo. |  | wn f |  | | |  | mt te bay |  | wee! x |  | ~ |  | on |  | ene |  | ye |  | aR |  | ue |  | NO |  | a Ny |  | beat |  | | a |  | a |  | i |  | ‘\ |  | ae) |  | ae |  | ; |  | toatl peel tome |  | 4 |  | at |  | RAE pee |  | phen mente |  | Penveney |  | Vath |  | e |  | pra |  | rry |  | ~ |  | wm, |  | ae ON |  | a |  | wo |  | ”~\ |  | / |  | poe |  | anne |  | FINE CU |  | ee ae |  | ae |  | a! |  | Be sen nee |  | cena rg |  | ee: |  | [ |  | eames AE |  | Ls |  | er |  | a | ",,
cheese.HEIC,vision,1.99,label: RETAIL PRICE,"4.55, 1.99, 6.15",7OZ,MEXICAN STYLE | KEEP RE | DUESADILLA | ECLOSABLE FOR FRESHNESS | EAR HERE | ECLOSABLE FOR FRESHNESS | CHEESE | SEE NUTRITION | INFORMATION FOR | SATURATED FAT CONTENT | CLASSIC | NET WT | KEEP REFRIGERA | UNIT PRICE | PER LB | RETAIL PRICE | GG CHEESE | SERVING SUG | UNIT PRICE | PER LB | FINE CU,"Good& | Gather | ed Fat ES BATH REGULAR | MEXICAN STYLE | n-Se | SIC | KEEP RE | TEREY JACK, CHELUA | DUESADILLA | 174122 | ECLOSABLE FOR FRESHNESS | EAR HERE | ECLOSABLE FOR FRESHNESS | 25% LESS FAT THAN OUR REGULAR | CHEESE | Tr | SEE NUTRITION | INFORMATION FOR | SATURATED FAT CONTENT | Gath | Reduced Fat | Mexican-Style | CLASSIC | 11 | BEST IF USED BY 15/FEB/2027 H | 231 17 01 GB 1035 | NET WT | KEEP REFRIGERA | REDUCED FAI Mack | ASALES & QUESO QUESAD | UNIT PRICE | 4.55 | PER LB | 284 11 1324 | 3-4-5.099 6/29 | RETAIL PRICE | 1.99 | GG CHEESE | RF MEXICAN SHRED 7OZ | 174122 | C | Shre | Nev | SERVING SUG | NE | UNIT PRICE | 6.15 | PER LB | 284 11 0137 | 3-4-4.099 6 | Good & | Gather | Cheddar | Good& | Gather | Sharp Cheddar | Gath | Alild Che | FINE CU",,
chicken_breast.HEIC,tesseract,,none found,,2G,,"""a |  | — |  | a oe. |  | ict |  | em |  | EE |  | eA |  | Sch |  | peers |  | — |  | maniac aanel |  | ar tt |  | co |  | we |  | 7 |  | Ze |  | Rena — al |  | a |  | roor ns neem MeiaSnattnimta, |  | agit |  | tei |  | nee caumastionts |  | mie |  | ay |  | ae |  | y- |  | et) |  | I a cate ameelll |  | =o |  | Ae |  | Ae |  | a |  | ae |  | CMSA |  | * |  | aah |  | ar |  | of"" |  | mn |  | wy |  | Pa |  | pe |  | “4, |  | a |  | oon |  | wat |  | wt |  | ae |  | a |  | ae |  | an |  | eee |  | bay |  | S meat |  | ac |  | —— |  | YS |  | “ |  | Le |  | a |  | i+ |  | 4, |  | Et |  | ~ |  | te |  | >. |  | os |  | ae |  | bey |  | on |  | ‘oo |  | ev |  | —_——er |  | % |  | SIN |  | iad |  | ¥ |  | ifes |  | wed |  | ~_O |  | - |  | we |  | rae |  | os |  | tty |  | 4 i |  | yr |  | id |  | were GF |  | no; |  | on |  | “i |  | é |  | Ae |  | ar |  | “fl |  | by) |  | iy |  | nie |  | (Sa |  | yef& |  | ose |  | eaee |  | ss |  | if |  | Oz |  | 7 EF, |  | tin |  | Pe) |  | Tp) |  | nee |  | oem |  | we |  | Seen |  | <% |  | tle. |  | xa |  | her |  | Mri ee nee |  | oy |  | gd |  | 2 |  | w= |  | sey 4% |  | Sweet. |  | tame |  | r- |  | Vane ee |  | v |  | ow |  | iN @ |  | ita |  | ene |  | Nix |  | | |  | fn |  | < |  | ies |  | ‘“ |  | as |  | ty |  | =< |  | eee |  | BY |  | A |  | 1). |  | of |  | re |  | ee |  | oA & |  | N |  | ~os |  | oe XS |  | mh |  | NN |  | os |  | ad |  | art |  | ars} |  | 3 |  | riage |  | ae |  | ol |  | wt |  | ed |  | «# |  | ""~ |  | AS |  | j |  | ae: |  | LM |  | ‘a |  | erg ve iN G |  | ee at |  | | |  | os |  | x |  | . |  | ee an |  | eet |  | cay |  | a |  | tA |  | we |  | tae |  | io |  | ans |  | 2 ta |  | an |  | hi a |  | Ke |  | ae |  | Cie |  | ™. |  | i |  | Aten |  | any |  | i |  | , |  | Mewes |  | athe |  | ee |  | Saag |  | Ve |  | BN od |  | : re |  | a4, |  | -,X |  | i |  | ~~ N |  | ag |  | a% |  | & |  | wy |  | \ area |  | Ae”, |  | eo |  | a |  | any |  | a J |  | oF |  | home |  | =~ 10 |  | ‘y- |  | Lae |  | tu |  | vr |  | Fe) |  | Pommard |  | We Tae'e |  | Jace |  | es |  | f |  | —j |  | zt |  | me |  | ort |  | a ci |  | + |  | xt |  | an |  | shen a |  | ON |  | peep |  | t |  | ay |  | a |  | =Y |  | OE |  | fn |  | re |  | ee |  | oe |  | I |  | Tae ae |  | ny |  | Acie |  | mes |  | aren |  | w |  | a ore is tele |  | tee |  | l |  | -t |  | ou |  | m4 |  | v1 |  | a en |  | + |  | whe |  | 4 |  | ee |  | vd |  | ea, |  | ves |  | ~* |  | 7 PLS |  | Pre |  | tba |  | wet gd |  | > |  | Tweedy |  | eee |  | mg) |  | d |  | te |  | ae, |  | nent |  | ye |  | vf |  | we & |  | poe gy] |  | ® |  | 2 |  | ——— |  | rr |  | oe |  | ran |  | ; ee |  | a |  | “ \ |  | Dw |  | =e |  | oO |  | quae |  | raked |  | ,oo |  | Nt |  | oe |  | ms |  | N45 |  | wa) |  | <4 |  | Zh |  | on |  | w |  | aa |  | ae |  | yr \ |  | 2) |  | os |  | = |  | a) ee | |  | | ees |  | a |  | ™ |  | nee |  | men BOOT |  | a |  | ee |  | She |  | geye |  | Somer eae 1) |  | a |  | Die oF |  | a |  | Key |  | vag |  | Za< |  | b nme |  | rt |  | Pe |  | th |  | ae |  | SEE |  | an |  | ha a |  | — |  | iy ene |  | 2 |  | mn |  | ra |  | ae |  | sas |  | \ 3 |  | I |  | AY |  | Low |  | ro |  | — |  | SS |  | agit |  | Le |  | ~ |  | eee |  | te |  | i |  | f; |  | < |  | en |  | SA |  | sy |  | ja |  | \ |  | tee, |  | ty |  | re |  | te |  | et |  | oy |  | ie |  | ye |  | Caran |  | Ne |  | he |  | xe |  | ome |  | Ves |  | t, |  | le |  | “e |  | a |  | te |  | f |  | wg |  | a |  | me |  | ie |  | 46 |  | Ngee |  | (ge |  | Ae |  | t |  | fag |  | rd |  | 73 |  | od |  | feet, |  | uy |  | ye |  | ee |  | 4G6 |  | hos |  | poy! |  | By |  | cee |  | wt |  | apn |  | ed |  | esc |  | Eras |  | oe a, |  | og |  | 25! |  | ae |  | be |  | ee |  | ital |  | oo |  | Pi |  | d |  | Vd |  | Paes |  | EE |  | 1433 |  | ae |  | Age |  | al |  | Fe |  | ane |  | i |  | s |  | Ne |  | fo, |  | we |  | 4! |  | . = |  | “a. |  | F |  | ew? |  | Ie, |  | me |  | ca |  | oo |  | if |  | % |  | ae |  | Sd |  | Be |  | he |  | os |  | + of |  | toe |  | ‘a? |  | a |  | ars |  | e |  | ger |  | Seat |  | ey |  | a |  | pee |  | t |  | uw |  | cae |  | ae |  | res |  | fs |  | ee |  | ay |  | e |  | es |  | ¥ |  | o- |  | ~= |  | - |  | ate |  | Be |  | we |  | 2G |  | ba |  | 3% |  | 2 |  | Ay |  | s |  | a |  | Hee |  | jae, |  | ‘| |  | vos, |  | Si |  | eee |  | Bre, |  | 2 |  | a |  | eos |  | ta |  | re |  | e. |  | a |  | tZ |  | Le, |  | aa |  | ty |  | wn, |  | rr |  | oy |  | a? |  | a |  | = |  | es |  | ete |  | pate |  | u |  | ies |  | dita] |  | ee |  | note et |  | ats |  | oe |  | i |  | Pi |  | ‘79 |  | ee aod |  | © GANS |  | a |  | aw |  | age |  | “ |  | At |  | nee |  | te |  | ee, |  | Ad |  | Boe |  | aes |  | ee |  | aM, |  | os |  | tie |  | ‘e |  | wr |  | eee |  | ae |  | AY |  | he le, |  | ‘a3 |  | en |  | ee. |  | Se |  | aly |  | es |  | CER |  | Ly |  | se |  | Meee |  | 4 |  | te |  | 6. |  | ar & |  | p. |  | ve, |  | te |  | Sul |  | tee |  | a |  | PSS etre! |  | a |  | FEE |  | re |  | toe |  | af |  | u |  | ee |  | aN |  | SO sen on |  | a4 |  | ayy |  | er |  | aot |  | as |  | Ey |  | a |  | ks |  | af |  | as |  | fon |  | Fa |  | WS |  | A |  | ee, |  | et |  | aby |  | _e |  | { |  | YS |  | ee |  | Ey |  | ey! |  | ts |  | m |  | i |  | Te a |  | ES |  | Agee |  | % |  | C |  | ty |  | OY |  | on |  | wa |  | xO |  | Pe |  | j: |  | “+ |  | ot |  | _~ |  | ght |  | oe |  | par, |  | eye |  | * |  | we |  | om |  | <3 |  | wet |  | ee) |  | MY, |  | wa |  | Be |  | i |  | Aa |  | 7 |  | Eas |  | wr |  | ‘I |  | we; |  | oe |  | oe |  | I |  | ad |  | rs |  | } |  | L |  | ne |  | wie |  | ek |  | A emt nt ote wre. ts |  | 28 Ty |  | = |  | ae |  | av |  | Ry |  | ¢ |  | ve |  | aa |  | Meg * |  | tn “a |  | Ta |  | a |  | ce |  | yur |  | “ |  | se |  | pad |  | aye: |  | Pia |  | ay |  | Ne |  | ? |  | Low |  | oe, |  | é |  | wy |  | aw. |  | “9 |  | f |  | e |  | A |  | ""t |  | vo |  | = |  | ek, |  | ot |  | A |  | ore |  | 2 cae |  | ah |  | on |  | hose |  | (- |  | we |  | ""4 |  | vie |  | ow |  | aon |  | camara |  | ent ty oe |  | rg |  | at |  | ae |  | Zé |  | Ha |  | a |  | re |  | o~ |  | ce |  | ay |  | 4 |  | et |  | oe |  | ome) |  | is |  | AL? |  | r |  | Ba |  | L |  | WES ow, |  | wa |  | we |  | oy |  | wi! |  | | |  | foe |  | nt |  | vf |  | aor |  | it |  | ryt |  | J |  | 7 a |  | oP |  | fn |  | if |  | thas |  | - |  | POISE ete |  | ey |  | 4 |  | (as. |  | ~ & |  | ak |  | a HTT |  | oN |  | fcr |  | oh, |  | i) |  | 4 |  | y |  | mete, |  | oe |  | Nase (Ca |  | ae |  | ely |  | > Pom |  | rp |  | Ss |  | Sedo |  | a |  | vat |  | (2) |  | iD |  | ban |  | i |  | Va ee |  | bh eee |  | 7H 4 |  | aN |  | ae |  | “AY |  | ae |  | fav |  | {ei |  | wo |  | To |  | oom tha |  | > |  | aed |  | — aN |  | \ied |  | ayy |  | iy |  | a |  | “es |  | ij“ |  | (> |  | if |  | Am |  | ot |  | ord |  | fay |  | aa |  | arith) |  | & fp |  | 2 Ganic |  | ) |  | ates |  | Ty |  | Me |  | iF |  | ‘a |  | ad + |  | fe |  | Law |  | Par |  | ~ i |  | yy |  | ye et |  | Cao |  | ae |  | er |  | 444 |  | es |  | ma |  | o |  | vy |  | ab) |  | thee |  | ak {ae |  | oJ |  | oe |  | tw |  | | |  | a |  | Ni |  | ae |  | : |  | rv |  | we |  | ae |  | iw |  | red |  | a¢ |  | © |  | & |  | an |  | A |  | yaa |  | as |  | Dansicccineciiall] |  | t |  | dam, |  | c |  | 2 |  | ve \l |  | cearaon |  | ye |  | we ie BAAN |  | oa |  | ve |  | Oa |  | re bs Ss |  | 1 |  | ak oh |  | Oo |  | fad |  | | |  | — ae |  | (J |  | f-t |  | Bs |  | A) |  | GL a a (a) |  | SEG |  | we |  | aN |  | aD |  | A |  | em, |  | ars |  | j= |  | EEA |  | an |  | & |  | ia |  | Oo |  | ee) |  | fevy |  | we |  | aa |  | (a. |  | Tk a |  | [Mr ot |  | ! |  | (ar |  | len |  | = |  | a |  | iW ee |  | Wo |  | KY? |  | \ ane |  | (Fp) |  | ¢ |  | ear) |  | So |  | Ce |  | pon |  | XO) |  | i |  | adi f |  | an |  | apy |  | ey |  | wb |  | “8 |  | oO |  | os |  | med 1f'52Q |  | ae |  | aa, |  | $A “mee |  | —s |  | | | |  | «Ld |  | vied |  | wy |  | «9 |  | z |  | Pian &*) wm |  | a |  | 3 |  | = |  | Sane a |  | fab |  | RE |  | ak, |  | ey. |  | ran (OX SS |  | — |  | wert |  | \. |  | \ |  | i |  | penn Ae |  | cpr |  | Am ap |  | = |  | foo |  | l¢-- |  | fom |  | tet |  | ax’ |  | i |  | a |  | { |  | Wy |  | 7,¢ |  | r |  | aR |  | ~ |  | (ey |  | aie |  | wilp |  | yh |  | 5a)) |  | wR. |  | hy |  | \ |  | oH) |  | Me eae, |  | mm |  | fi |  | oot Wed |  | ict) |  | tl |  | it |  | Se |  | Ss |  | a) |  | 725 ay |  | rn |  | rity |  | > Cina |  | tet |  | an |  | & |  | ya caay |  | ah |  | ae |  | hens |  | ' |  | ro |  | ANS |  | oF |  | OMe |  | wa |  | @ |  | ORS |  | Nt Sioa |  | AS |  | (= |  | °e |  | ay |  | {ey |  | Ar ~ |  | (C3 |  | ees |  | U9) |  | ident |  | ~ |  | Cais |  | oad |  | i] |  | Q\yes« |  | 4} |  | SY |  | aye ee |  | & |  | w |  | s |  | re |  | < SN |  | Et |  | | A |  | it |  | \3 |  | NS |  | Sanaa |  | Ve |  | wa |  | . |  | ee |  | tor |  | ae |  | ett 7 |  | Ww |  | ae, |  | 8 |  | eerey |  | 3 |  | a) |  | v4 Cay |  | . |  | i |  | \/ |  | ah |  | \\. |  | \ |  | tng |  | )4 |  | - |  | \ |  | As |  | ev |  | at |  | ' |  | \N |  | ne |  | woe |  | AN |  | WAS |  | Ry |  | oped |  | roo |  | Xn. |  | “ |  | we |  | he |  | oe |  | JY |  | % |  | foe |  | an |  | aay |  | \ee |  | we |  | \ |  | by se |  | te |  | mot |  | 4 |  | 2 |  | ad |  | ”y |  | dye |  | etd |  | wae ys |  | ""ee |  | we |  | ve |  | “y |  | rma. |  | FJ |  | f |  | \ |  | he |  | aa |  | a |  | ft |  | \ } | ",,
chicken_breast.HEIC,vision,10.37,label: TOTAL PRICE,"10.99, $10.37","516g, 2.29 LB, 4.53 LB",NEEDS TO BE FULLY COOKED | KEEP REFRIGERATED OR FROZEN | KEEP REFRIGERATED OR FROZEN | NEEDS TO BE FULLY COOK | HORMONES OR STEROIDS IN | CHICKEN RAISED | CUSTOM | SERVING SUGGESTION | KEEP REFRIGERATED | UNCOOKED FOR SAFETY MUST BE COOKED | AS MEASURED BY A FOOD THERMOMETER | BNLS SKNLS BAST | BELL BY | TOTAL PRICE | MILD-MED | DEPARTMENT OF | AGRICULTURE | HOLES | DEPARTMENT OF | AGRICULTURE | COOK TO | DEGREES,Good& | Gather™ | Boneless Skinless | Chicken Breasts | With Rib Meat | All Natural** | No Added Hormones or Steroidst | NEEDS TO BE FULLY COOKED | KEEP REFRIGERATED OR FROZEN | **CONTAINS NO ARTIFICIAL INGREDIENTS. MINIMALLY PROCESSED. | +FEDERAL REGULATIONS PROHIBIT THE USE OF ADDED | HORMONES OR STEROIDS IN POULTRY. | UP TO 5% RETAINED WATER. | *FEDERAL REGULATIONS PROHIBIT THE USE OF ADDED | **CONTAINS NO ARTIFICIAL INGREDIENTS. MINIMALLY PRO | KEEP REFRIGERATED OR FROZEN | NEEDS TO BE FULLY COOK | TO 5% RETAINED | HORMONES OR STEROIDS IN | WATER. | POULTRY. | CHICKEN RAISED | TIBIOTICS* | 10.99 | CUSTOM | Meals | & Cream Cheese | Stuffed with Green Chiles | Chicken Breasts | Relleno-Style | Breaded Chile | SERVING SUGGESTION | KEEP REFRIGERATED | UNCOOKED FOR SAFETY MUST BE COOKED | TO AN INTERNAUTEMPERATURE OF 16STE | AS MEASURED BY A FOOD THERMOMETER | NETWT 18.200Z (516g) | BNLS SKNLS BAST | 1849 01037 | P-7903-254-01-02 | BELL BY | SEP 23 28 | PRICE/LB NET WT LBS | $2.29 LB 4.53 LB | $10.37 | TOTAL PRICE | MILD-MED | HEAT | INSP | TED | U.S. | DEPARTMENT OF | AGRICULTURE | P4121A | INSP | HOLES | CTED | U.S. | DEPARTMENT OF | AGRICULTURE | COOK TO | 165 F | DEGREES | . .d& | Gather | Boneless Skinles | Chicken Breast,,
chicken_breast2.HEIC,tesseract,,none found,,,NESTED,"Mie Set neh Toe |  | ye |  | hy |  | os |  | cae |  | eo i ' |  | as |  | 4 |  | bs |  | fe |  | ¢h |  | ge |  | aa |  | te |  | “Te |  | td. |  | pee |  | Ak |  | vN |  | se, |  | +e |  | Ly |  | ae |  | — |  | iy |  | x |  | Fas |  | ta |  | a |  | iy |  | WY |  | 49 ys |  | \aranes SS |  | te |  | SE ow, |  | ve |  | oo |  | mae |  | Set acme |  | wt |  | Ta |  | — |  | — |  | pam |  | te |  | Pa |  | =_— |  | ——————— |  | ars |  | oer |  | ee, TEES: |  | rai7] |  | Ca vay |  | Pee tks |  | rc |  | me |  | Peed |  | wv |  | ee |  | ah |  | eke |  | nee |  | As |  | he, |  | a |  | ‘fs |  | Tones |  | ee ae, |  | > |  | ae - INT |  | rae |  | oe |  | > |  | pares |  | ee = pS PO |  | aoe |  | ” |  | an |  | Lt. |  | { |  | Seed, |  | S |  | oom |  | — |  | ne pe |  | A, |  | Ya |  | aS |  | SK |  | S Sa |  | oR |  | Poet |  | (a |  | ~ |  | Ate |  | <3 |  | om |  | NS |  | ate |  | ene |  | a aE |  | pete |  | © he |  | at |  | oe |  | ee |  | s |  | S |  | Ame: |  | sh, |  | Nila atl |  | beteah bi geet Ze. |  | CT |  | Fak |  | Nh oe AA! |  | SS |  | ye |  | 1 iw ane |  | aa en |  | pos |  | —s |  | a Re |  | OE |  | ay |  | Se. |  | ett |  | ar |  | re |  | Sh oe, |  | “ju |  | -. |  | fms |  | Lame > |  | TRE ee amen |  | a |  | —_ |  | Lato i"" |  | ay |  | Se aes tal |  | ah. |  | iz |  | i) |  | — |  | why |  | Frown, |  | ae a |  | f |  | i |  | fb |  | E-$] |  | “ty |  | boy |  | wee |  | oo |  | ae |  | ia |  | tk |  | i= |  | CB |  | ee |  | Whe, |  | a |  | iad! |  | sop |  | it |  | {3 |  | fi |  | ef |  | o ho™ |  | NESTED |  | noe |  | ae |  | wr |  | re |  | Ys |  | woud |  | ef |  | = |  | T* |  | Ew |  | \ |  | ae 3. |  | Yer |  | F del |  | = |  | 4 |  | za |  | i) |  | 2 |  | wy |  | as |  | dat |  | aan |  | € |  | od |  | Want |  | me |  | out |  | if |  | Ce |  | te |  | rey |  | te |  | ie |  | i * |  | we |  | CS) |  | aa |  | rid |  | al |  | ix) |  | We |  | iz, |  | a) (eM |  | Na |  | i |  | iS |  | eee |  | Ter oe |  | ls |  | % |  | UY |  | ras |  | WA |  | fr |  | fe} ay |  | tf |  | +4 |  | has |  | Oty, |  | as |  | ee |  | us O) |  | oo |  | ay |  | ity |  | oar |  | fi |  | = |  | ae |  | =a |  | a |  | yey |  | sd Fai |  | vey |  | an |  | o~ |  | a awa, |  | LCh |  | ju |  | if |  | je |  | i |  | z<O |  | cw |  | a> |  | hy |  | a |  | ‘. |  | g |  | ip: |  | ae |  | ae |  | =i |  | a |  | Ine |  | i |  | ee |  | ata |  | a= |  | @ |  | ae |  | ws |  | Oj i ie |  | 5 |  | it; |  | 4} |  | & |  | bee |  | ay |  | ee |  | ~ |  | ie |  | te |  | =f |  | ci |  | an |  | 4) |  | or, ah |  | Cs |  | t |  | ay |  | oF |  | o® |  | © |  | Ten |  | “% |  | it |  | C}, |  | ‘4 |  | e |  | niet |  | x |  | ee |  | os |  | en Uae |  | 4 |  | og |  | ae |  | oF |  | he, |  | Bh |  | “We |  | i |  | vA |  | a |  | %% |  | be |  | od |  | fF |  | AS fi |  | toy |  | © |  | em |  | a, |  | = |  | 8 |  | UAB a |  | (J |  | t |  | FA |  | f |  | pa |  | i |  | fet Cin |  | ee |  | » |  | oe |  | tn |  | Ne |  | Ge |  | Ai |  | ct |  | fae |  | te |  | z |  | rf] |  | < |  | ye |  | SE |  | ae |  | FP |  | *¢ |  | of |  | ye |  | % |  | Owes |  | bay |  | ar |  | (orn |  | #8, |  | iy .* |  | ¢ |  | a4 |  | at |  | ee |  | nary |  | wee |  | F fl |  | af; |  | oF |  | Ae it |  | F-~ |  | Sy |  | on SR) |  | ira |  | Wo? |  | be |  | yar |  | tak i |  | ~ |  | pint f° |  | we |  | Ve |  | je |  | TN ee de |  | , |  | wz |  | hh |  | LO |  | A |  | x |  | rv} |  | 2h |  | 4? |  | \ |  | vd |  | 4 |  | 8 |  | 7h |  | ¥ |  | k |  | 4 |  | ee |  | ios |  | 0 |  | Po |  | ] kay |  | ve |  | he. |  | ree. |  | ee |  | : |  | ay |  | A |  | NI |  | Pe |  | nee |  | ad |  | ont |  | at |  | *% |  | pre: |  | rt |  | i . |  | & |  | (| |  | ne |  | a |  | ‘t |  | oy |  | vs |  | im |  | ea |  | ‘6 |  | aN |  | x |  | © |  | te |  | cs ye |  | i |  | he |  | P| |  | i |  | ZS |  | of |  | \ |  | tem |  | ‘3 |  | aN g |  | | |  | Sad |  | G23 all |  | ‘© |  | WOU! |  | I |  | yuh |  | jas |  | ii |  | Ah |  | GS «= |  | , |  | | |  | OO |  | i! |  | | 2a? |  | ay |  | Vay a |  | it |  | ee |  | ih |  | 4 |  | My |  | eat |  | fs csp |  | 7 |  | H¢ |  | nt |  | on |  | \ |  | Te ad) |  | Pa ray |  | ce tal |  | Za |  | 4h |  | ra |  | ee |  | 44 |  | i - |  | me |  | P4yad, |  | "" |  | -2 |  | af |  | i |  | Y |  | rh |  | ©) ea) |  | ft |  | ay |  | \. |  | = |  | »»» |  | Wi |  | Ngee |  | a |  | fe os |  | A |  | ner - |  | ee |  | i |  | ‘d |  | 4 |  | rye |  | nee |  | Le) |  | et |  | hi |  | me |  | 4h |  | iy |  | tee |  | ‘S |  | rae |  | 1 |  | OL |  | s |  | “4 |  | “ft |  | vy, |  | = |  | bt |  | - M |  | h |  | x |  | * |  | a |  | ead |  | if a |  | zt |  | | |  | 5 |  | fy |  | aft |  | 7 |  | » |  | ‘eye 2 |  | Bey |  | aa |  | f |  | ve |  | Ser wa |  | mar |  | . aR. |  | 3 |  | an |  | ¥b |  | \ |  | Ae |  | res |  | 2, |  | ae |  | see |  | At |  | i¢ |  | eS) |  | Ay: |  | el |  | ot |  | + |  | ys |  | tt |  | 3H |  | are |  | ae |  | aes |  | Sot |  | Pamene, |  | wf |  | re |  | Abe |  | ae |  | oat |  | aad |  | faa |  | ol |  | cae |  | og |  | AY |  | \ |  | sy |  | oe |  | Portas |  | na |  | at |  | de |  | ye. |  | AN |  | oe |  | ae |  | A, |  | an |  | aPpteen |  | ¢ , |  | al |  | mae |  | Pad |  | nee |  | Foie |  | co |  | tk |  | * aS |  | Lake. 225 |  | ; -_ |  | 2 |  | aes |  | Aad |  | <4 |  | fs |  | meres |  | eer +"" |  | eed |  | we |  | ne |  | fe |  | ava) |  | tS |  | +4 |  | Ne |  | pineal |  | eer |  | re ty |  | =e |  | “ |  | ahs, |  | Ak |  | ozs |  | 9 |  | =a |  | NTS |  | mA |  | os |  | pees |  | tac |  | eee |  | ve |  | oe |  | cn |  | eG |  | asad |  | anaaied |  | ler’ we |  | te |  | ae |  | rhs |  | PRE |  | me |  | oa |  | mA |  | ae |  | Sere |  | a7 |  | aie |  | Ss |  | ss |  | ah |  | i |  | 7 |  | ad |  | wR |  | ) |  | in |  | i=, |  | i |  | en |  | Os |  | we |  | Same |  | ‘a |  | ah |  | fe |  | ated |  | paral 4 |  | an? |  | TO eer srent as. |  | ate |  | ce |  | ae |  | +e |  | — |  | af |  | fo | ",,
chicken_breast2.HEIC,vision,10.38,label: TOTAL PRICE,"$4.99, 2.08, $10.38",,NED WATE | SN POULTR | BONELESS SKINLESS | CHICKEN | BREASTS | PROTEIN | PER SERVING | BONELESS BREAST | NET WT LB | MEAT DEPT | TOTAL PRICE | ANTIBIOTICS | PROCESS | A VERIFIED | GRADE | HATCHED | RAISED | IN THE | HARVESTED | ANOLER | DEPARTMENT OF | AGRICULTURE | FEDERAL REGULATIONS PROHIBIT THE USE OF HORMONES OR STEROIDS IN POLTT | ANIMALLY PROCESSED NO ARTIFICIAL | DEPARTMENT OF | ASRICAYAL | FEDERAL REGULATIONS PROHIBIT THE USE OF HORMONES OR STEROIDS IN POULTRY | MINUALLY PROCESSED NO ARTIFICIAL INGREDIENTS,"201 | Perdue | NED WATE | SN POULTR | 99% FAT FREE | BONELESS SKINLESS | CHICKEN | BREASTS | 100% ALL NATURAL** | ✔ RAISED ON AMERICAN FARMS | ✔NO HORMONES OR STEROIDS ADDED** | 25g | PROTEIN | PER SERVING | T | 1241) | RUM | FRESH AND ALL NATURAL"" RESHNES | BONELESS BREAST | USE OR FREEZE BYSEP 23 28 | 0 212800 010381 | PRICE/LB | $4.99 | RC | NET WT LB | 2.08 | MEAT DEPT | $10.38 | TOTAL PRICE | -253-08-6903 | NO | ANTIBIOTICS | EVER!* | USDA | USDA | PROCESS | A VERIFIED | GRADE | HATCHED | RAISED | processverified.usda.gov | IN THE | USA | HARVESTED | ANOLER | *U.S. | ED | DEPARTMENT OF | AGRICULTURE | KEEP REFRIGERATED CONTAINS UP TO 5% RETAINED WATER | FEDERAL REGULATIONS PROHIBIT THE USE OF HORMONES OR STEROIDS IN POLTT | ANIMALLY PROCESSED NO ARTIFICIAL | processverdied.usda.gov | DEPARTMENT OF | ASRICAYAL | KEEP REFRIGERATED CONTAINS UP TO 5% RETAINED WATER | FEDERAL REGULATIONS PROHIBIT THE USE OF HORMONES OR STEROIDS IN POULTRY | MINUALLY PROCESSED NO ARTIFICIAL INGREDIENTS",,
eggs.HEIC,tesseract,1.99,fallback: first price,"1.99, 1.99",2g,TTY SNS | UNIT PRICE | PER DOZEN,"Nb. |  | ee) |  | xs |  | ane |  | aa |  | \ |  | os |  | ae |  | wee oe |  | woe |  | 1 |  | 4 |  | ‘ |  | 7 |  | # |  | firs |  | tow |  | seine i Hhtes fos? FEES vend |  | + ofl Soap 5 paratoe® |  | are |  | ‘ |  | A fect Hh oap engl ga theme gpme” |  | wt pa ae per ent paromrtin |  | ? ste aa Sete g bon |  | 9 earned on pearance |  | iy \ |  | ; h.: sed over |  | + |  | Si ds |  | peperg AM et Gee a haen'é |  | epee nh ot ee |  | i |  | ee ee |  | CJ |  | i |  | as |  | penn eS |  | Segdee « nym |  | Sn eect taste |  | pal |  | Ne cee |  | how |  | cid |  | AS |  | ~~ |  | ponte reducoots: monn’ "" |  | tay gt |  | a |  | poesia |  | os |  | ae |  | wn |  | ‘pen Fe |  | ee ee |  | x |  | w |  | Lana aeatetraRay, |  | Aspe cae |  | - |  | f |  | papetnpinnm Z |  | rt |  | tet |  | ~ |  | aoe |  | ere Paar |  | iy |  | at |  | a? |  | ting |  | Soeewe |  | song |  | it |  | LOvere . |  | ee |  | Dh eras |  | Same aor |  | cede eens” pf |  | eth: |  | y |  | f |  | / |  | cite Al Tin donde! gue ters |  | weenegts Be pearet Papen ve |  | ev ardvaele -rmeeme |  | eens eater Rance |  | hid |  | a+ |  | eye PF |  | bey hi |  | 44s |  | peta |  | roy |  | Cut |  | ed |  | Ia, eee |  | NN \ |  | Nut |  | it |  | Séryj |  | Oh Be |  | me, |  | ts |  | COMtaing |  | wy |  | Serving |  | Ka |  | ve |  | re |  | ua |  | 6 |) |  | Anat per |  | why |  | § Pw, |  | t |  | F emmamemene |  | cane |  | ean |  | aN |  | Calories |  | bee a |  | ut |  | 2 |  | fone |  | — |  | ve |  | we |  | ‘Fr. |  | ee pero |  | ed, |  | Sate |  | ity |  | W |  | pone |  | =o; |  | ata |  | twp ey |  | bp ee |  | ere |  | e/ |  | or |  | mf |  | eyed |  | ae |  | a a |  | —y |  | Ver |  | Ft |  | Y Product |  | Cattiag th |  | Qod & Gather hg |  | Starts |  | With trusts, |  | a |  | Ingredients ang |  | pores so |  | astes you'l love al |  | _—oe |  | —— |  | at prices that} Inspire, |  | ——_-, |  | ~~ |  | alienation |  | ae en |  | eas |  | 0 today and always, |  | sn aheiaieta tanec ae T enanaaanesncumnemenamn |  | _ ca nemneRRO RT ea |  | RIPE |  | it's easy for you a |  | anal 5 |  | ” eye |  | Sc oeteal |  | your family to |  | ayo ol, toe |  | 7, |  | wr re |  | a Cr: |  | ware |  | rey |  | 37 |  | Sze? |  | discover delicious |  | on HOR Ut |  | eaey |  | - |  | ~ |  | tae! |  | oe |  | mem |  | every day |  | - |  | We promise youll |  | love each bite or your |  | +t |  | = |  | / |  | ff |  | . |  | “ |  | a |  | Jrrnecrinoncniigf rarer neh y omeiunieeneeen |  | en) |  | Sra meena | ememnnttied |  | S aiaeaeematen © |  | ey |  | sree, |  | Se NUN OK |  | ao | t ~ |  | et |  | 1 |  | aN |  | ea |  | ; |  | aay | |  | i; |  | lI — e |  | a4 |  | 43 |  | -- |  | oe |  | jg an SO |  | a ee |  | d area |  | ~— ~L |  | An eo |  | amen tae en, |  | antes mn aa enact mretteg tse mle te niet ee |  | erred |  | we et eee |  | ‘7 |  | ed |  | ase |  | A |  | 90 |  | othe” og |  | —— |  | bg |  | oo |  | Be |  | Lf |  | n |  | ra > |  | <> a |  | >; |  | oa = |  | —— | |  | ysis |  | D |  | ae |  | | |  | ———*"" | |  | ( ( ‘= — 4 |  | iD |  | te |  | ae |  | “a |  | gt |  | ye |  | oot |  | ve |  | ee |  | oo |  | TTY SNS |  | G77 |  | Ge |  | a |  | ~~ |  | a7 |  | « |  | i |  | - |  | - |  | - |  | ~~ = |  | — |  | oe |  | - |  | - |  | - |  | ” |  | 2 |  | “Min |  | oa |  | Pa |  | ~ |  | aa |  | - |  | er nem ee gS ne |  | ee |  | _——~ |  | —F |  | —, |  | “ |  | or |  | te |  | UNIT PRICE |  | ~ |  | mtn PRICE |  | aad |  | pose |  | _ |  | . |  | 0 re en eerie |  | - |  | ween |  | My § |  | 1.99 |  | “1 |  | my, |  | §-- |  | 1.99 | |  | }7 |  | was |  | See |  | iid |  | PER DOZEN |  | « |  | = |  | o> |  | tO eeeemennee) |  | = |  | GG EGGS. |  | mom eee |  | Pond |  | a |  | - |  | eee ee a mit |  | y |  | ~ |  | ~~ oa |  | REM yO HEC EET Yo, Me |  | . |  | ) |  | rs |  | , |  | a ee |  | i’ |  | a |  | oy) |  | i) |  | i |  | , |  | 1 |  | et aaa |  | a8 |  | ane |  | eg |  | ~ |  | 3 |  | SL |  | me |  | \S |  | i: |  | NS |  | b= |  | iy |  | ave |  | 5 |  | vas |  | = ai |  | til ADE A LANBE- I2ECES |  | wo |  | - |  | WMOod 2: |  | re |  | Ten, |  | SX |  | \ |  | +, PEMISHADLE : REE, Y ner HIGERAT Eu unt on BELO age & |  | ape ee |  | “ks |  | > |  | fi |  | rN |  | ete |  | “hy |  | _ clement Nand |  | a |  | Ay |  | Aye |  | ty |  | IAI |  | SS |  | Ss |  | \a |  | Ve |  | i |  | tS |  | AAS |  | carte |  | mY |  | f |  | Y] |  | a |  | wi |  | é |  | yy |  | y |  | 4 |  | ee |  | i |  | 34 |  | i rp |  | ve |  | wt |  | La |  | te |  | / |  | fo” |  | vel |  | PRY |  | ap |  | 4% |  | att |  | of |  | t% |  | oa |  | “3 |  | rad |  | ia |  | Ke |  | Aa |  | eRe te |  | wet |  | vy |  | i* |  | } |  | ie) |  | aed |  | i} |  | et |  | a |  | peel |  | ‘ |  | i |  | Ame |  | HG |  | ei esy |  | Adie |  | 4 |  | a |  | ete |  | aus |  | G3 |  | ws |  | a} |  | 2g, |  | 1% |  | ve |  | va |  | en |  | yaar et |  | aR |  | UY, |  | ve |  | } |  | as Y |  | Sh |  | pes |  | FF |  | Lol ta st |  | ers |  | re |  | a4 |  | i) |  | \ |  | ies |  | ea |  | ce |  | ek aa |  | eens 2 |  | as |  | ete |  | :) |  | Lomi |  | 3 ea ar |  | D |  | 1h |  | / ¢ |  | Aa |  | cans |  | (raaimeke int |  | ae |  | tye |  | Pay |  | edd a UM |  | ON, |  | wa |  | tte oy |  | 2 |  | AY |  | hy |  | Re |  | rat OO 8, |  | Sh iS +, ee, |  | rad |  | % |  | vs: |  | pi |  | ty |  | Va |  | | |  | 1 |  | ye |  | (> |  | a |  | % |  | Se |  | if |  | ay | ",,
eggs.HEIC,vision,1.99,label: REAL PRICE,"1.99, 2.79, 1.99",,GATHER | OMISE | MURN O | ISCHKU | RVING | ON INFORMATION | RGANIC | UNIT PRICE | PER DOZEN | REAL PRICE | GG EGGS,"GATHER | GOOD | PRO | large brown e | organic fresh eggs | large brown | organic fresh eggs | Nutrition Facts | 8 servings per container | Serving size 1 Cup 1240m | Amount per serving | Calories 100 | Nutrition Facts | Calories | organic large brown fresh eggs | OMISE | Every product | that carries the | Good&Gather name | starts with trusted | ingredients and | tastes you'll love, all | at prices that inspire. | So today and always | it's easy for you and | your family to | discover delicious | every day. | We promise you'll | love each bite or your | money back | 0 | 85239 08784 | 606 15472 51-4114 | EETENED Original | C-002263-01-155 | 284 06 0377 25620-5F | ON | EE | ED | MURN O | IN | ISCHKU | RIES | RVING | ON INFORMATION | ATED FAT CONTENT. | MADE | WITH | RGANIC | UNIT PRICE | 1.99 | PER DOZEN | organic large brown fresh eggs | UNIT? | REAL PRICE | 2.791.990 | GG EGGS | GRADE A-LARGE-12 EGGS | PERISHABLE-KEEP REFRIGERATED AT OR BELOW 45°F | Good& | Gather | NE | Good& | Gati.er | 12 Large Fresh Grade",,
eggs2.HEIC,tesseract,,none found,,,GURISED,"ser |  | + |  | yar |  | = |  | u |  | me |  | | |  | “| ‘ |  | A |  | / |  | _ |  | ae |  | SEE «RES |  | ae |  | ae |  | N |  | . re aialael al |  | aetna OE |  | ES |  | = |  | is |  | oe |  | an? |  | ee ne EE |  | pet 8 |  | 9 |  | >.’ |  | ~~ |  | y |  | rat |  | } x |  | 9 |  | i* |  | b |  | nest |  | : J |  |  ] |  | a |  | aaa eel |  | c |  | a |  | a |  | s |  | 9 |  | % |  | % |  | ipa, |  | nermeene |  | a |  | ’ |  | a |  | 2 |  | * |  | ® |  | | |  | fn, |  | semen |  | ¥ |  | % |  | a |  | % |  | 5 |  | s |  | * |  | 4 |  | as |  | ema |  | “be |  | sae beets |  | » |  | y |  | a |  | * |  | » |  | » |  | % |  | EOE ae |  | “ESD |  | + a ROR ss | |  | e |  | ELS, |  | teed RE |  | * |  | y |  | * |  | * |  | » |  | * |  | e |  | * |  | Senay |  | Sere |  | YOR |  | Cag. |  | Biel |  | Han th Lc |  | ae eme, Ste |  | CTY |  | wn |  | AtUP der wena |  | CAE Wer isare #Cvere |  | % |  | ® |  | *” |  | 3 |  | » |  | » |  | 2 |  | + UE |  | GURISED |  | . w orrnenad |  | RL |  | | AH? ReKRHSERATED |  | = |  | La |  | pcan eee |  | oA |  | UGE WIT 2 oAry |  | a5 |  | ™ : Tia, @ |  | on or ENING |  | a |  | NS Sg |  | tt |  | Ay, |  | af |  | ee |  | = |  | dete |  | gS |  | by |  | wr |  | a ae |  | mo. |  | 4 |  | ae |  | ee |  | nr |  | ae |  | oe |  | a |  | 2 |  | a |  | te |  | s+ |  | tao |  | uu? |  | fy |  | ra |  | we |  | tte” |  | Woe |  | Pile torn |  | nena |  | yes |  | —~ |  | _— + |  | ae |  | ee |  | —e |  | ae |  | a |  | gy ey |  | matty |  | FACE |  | edna, FAO sparen, fe |  | ~ 3 |  | oot |  | i |  | ST A emir * |  | a |  | tg |  | ae |  | EEStor: |  | a |  | vy |  | a OE onc ee |  | \Sililieenas |  | wt |  | PER |  | DBO |  | 2 3 |  | MEA |  | 1.0 DOZE |  | N e |  | > |  | o\V) |  | 284 |  | se |  | ay |  | rr |  | 1-3. |  | 93 1032. |  | ae |  | doy |  | - Oo |  | at |  | eta an |  | ae, |  | aT |  | Seen |  | = |  | I |  | SUD iy nye fe 207 |  | =: |  | a |  | ges ee, |  | Fae |  | wa |  | — |  | Ro |  | —— |  | Fae |  | RADE 4 |  | —— |  | eS |  | yi |  | Armee ay, |  | oA |  | i |  | ay |  | ie, ' |  | Uf jt s |  | a ee |  | a |  | i |  | ite |  | rH, |  | Cain, |  | ~ |  | aes |  | ae |  | oe |  | ca ine eae |  | re |  | “if if |  | ry |  | Beem |  | Lae |  | obliged |  | Ah |  | f |  | ee |  | Vi |  | a4 |  | stoke, |  | SP nse. |  | ret FF |  | Pre |  | i |  | tom |  | > tg, et |  | mya Toe |  | ” |  | 04, |  | sperma, tats |  | TERA see |  | es |  | > |  | fi |  | fk |  | % |  | fee |  | ¥ ¢ |  | a |  | G72) |  | ® |  | -~ |  | Goer |  | we |  | dy |  | wt |  | iff |  | Yip |  | = |  | fee |  | 4 |  | uf |  | My |  | () |  | tj |  | nm |  | Aa) |  | be |  | Af |  | l, |  | —— |  | rd |  | iy |  | yy |  | ee. |  | if |  | re |  | fa |  | =: |  | nd |  | wpe |  | hi |  | i |  | wad |  | ; |  | if |  | if |  | ¢ |  | ee |  | ars |  | ~e ey |  | M4, |  | y |  | Af |  | <n |  | Re |  | ee |  | =z |  | me a, |  | tol, |  | ee |  | Wy |  | é |  | At\ |  | SES ~ |  | ~ines |  | ~~ |  | mS |  | 4, |  | iN |  | ie, |  | st |  | i} |  | Dd |  | i |  | Co |  | Se |  | as |  | ee |  | VR |  | Op |  | pony |  | a |  | wh | ",,
eggs2.HEIC,vision,2.69,label: RETAIL PRICE,"2.69, 2.69",12CT,THE S | PRICE | PER DOZEN | ROVED | RECIPE | ARGARINUESS | MISHO CARE | PASTEURIZED | KEEP REFRIGERATED | USE WITHIN DAYS | OF OPENING | RETAIL PRICE | GG EGGS | III LG GRADE A,"OAT | LY! | FULL | FAT | THE S | T1886 | 0103 | N284DY7 S | 21.0"" 06-14 | как | ssic | EGGS | PRICE | 2.69 | PER DOZEN | 1.0 DOZEN | 284 03 1032 | 1-3-1 | 5 | W | ROVED | RECIPE | USDA | ARGARINUESS | MISHO CARE | S | NO | PASTEURIZED | KEEP REFRIGERATED | USE WITHIN DAYS | OF OPENING | RETAIL PRICE | 2.69 | GG EGGS | CF LRG GRD A BRN 12CT | III LG GRADE A | organic large brown fresh egg | organic large brown fresh eggs",,
milk.HEIC,tesseract,,none found,,240mL,NOT TO TREAT THEIR COWS | RIDALRY,"a |  | on |  | — |  | it |  | a |  | ee |  | ee, |  | yt |  | $i |  | a |  | ~ |  | ~. |  | ee |  | CD |  | + |  | Wy |  | if |  | Wino! |  | lie |  | AA |  | = |  | OU? |  | >“ |  | IM |  | Ik |  | Good& |  | LBS |  | Ne |  | Gather~ ; |  | ai |  | an ee po ee oe tena |  | NE |  | poset |  | a5 |  | LED |  | (aera itn atmatemaritett?  «tniarnq:jerunpmrnat ns acanasemne |  | ie |  | ERAUEA «PASTEJRZED » HOMOGENIZE © |  | i - OF OPENING © KEEP REFRIGERATED |  | => |  | OV |  | | ce |  | Sy |  | = |  | Nutrition Amountiserving - % DV Amounl/serving |  | > |  | 4% |  | a > |  | es dS |  | (v= |  | AN weeny oo! |  | eee |  | Facis |  | Total Fat 89 |  | 10% Total Carb 129 |  | OO ee |  | o— |  | SS |  | Sat Fat bg |  | 25% Fiber Og |  | 0% |  | === = |  | mes on |  | Ip |  | ae PP |  | ————_ |  | 16 servings |  | ——= |  | QE====a |  | ee |  | in |  | ——_—— |  | Serv. size |  | Trans Fat Og |  | Total Sugars 119 |  | ~— |  | ns |  | ,S |  | Ponce A |  | Ses 2 |  | Saree |  | oid |  | (aed |  | 1 cup (240mL) Chole! |  | T78%o~ InchOg Added Sugars 0% |  | DR) ee |  | Sener 2 |  | Sodit |  | 5% Protein 8g |  | Sh ——— _S |  | Calories |  | oo} |  | frag |  | fiot aR |  | per serving |  | 100 wie |  | ees Da tran 0% © Potas BY «VILA 10% |  | wf |  | “BST PLEDGE: QUR FARMERS PLEDGE |  | oe |  | INGREDIENTS: MILK, VITAMIN D3. |  | NOT TO TREAT THEIR COWS |  | mee |  | (BST. NO SIGNIFICANT DIFFERENCE |  | as |  | DISTRIBUTED BY TARGET CORPORATION ’ HAS BEEN SHOWN BETWEEN MILK |  | 100% Satisfaction |  | G |  | © |  | e |  | we |  | MINNEAPOLIS, MN 55403 |  | DERIVED FROM fBST TREATED COWS |  | Guaranteed or |  | AND NON-BST TREATED COWS, |  | Your Money Back |  | TM & ©2019 Target Brand |  | ShopTarget.com |  | x |  | ol |  | £ |  | Guest Services 4 |  | sree |  | ante |  | RIDALRY |  | | |  | oo |  | eos |  | bt |  | wee ee, |  | eee coe |  | ere |  | vo |  | tee Cea |  | te |  | a ae |  | ne |  | a me eee le ce tt ee = mee |  | UNE price |  | ye |  | RETAIL Price— |  | ee |  | ee |  | me |  | ww ee |  | oe |  | Ti i |  | fe LK |  | AAQ ” - |  | . |  | sect od ViT Aad Oveouz |  | Bus iy Guus 5 |  | W445 |  | 7 i) |  | "" d |  | - |  | Vw ae |  | ny |  | WSCOUALOUIRNEL EEL aD s > |  | a a |  | . |  | “A |  | oe |  | Lae nm. |  | wom |  | G |  | vie |  | a |  | a |  | = |  | eee ee |  | ee. |  | a | ",,
milk.HEIC,vision,4.19,label: RETAIL PRICE,"1.05, 4.19","3.78 L, 11g, 240ml",PLEDGE | CONTAINS MILK | DISTRIBUTED BY TARGET CORPORATION | NOT TO TREAT THEIR COWS WITH | HAS BEEN SHOWN BETWEEN MILK | KOSHER | RIDAIRY | UNIT PRICE | PER QT | RETAIL PRICE | GO MILK | FLEDGE | LEDGE,"ef | Good& | TH | Whole | Milk | Gather Vitam D | O | GRADE A PASTEURIZED HOMOGENIZED USE WITHIN 5 DAYS OF OPENING KEEP REFRIGERATED | Nutrition Amount/serving | OUR | rBST | PLEDGE | Good& | Whole | Milk | Gather Vitamin D | Nutrition | % DV Amount/serving | % DV | Facts | Total Fat 8g | 16 servings | Sat Fat 5g | 10% Total Carb 12g | 25% Fiber Og | 4% | 0% | Trans Fat 0g | 11% | Serv. size | 1 cup (240mL) Cholest | Sodium | Calories 150 VIED 10% train | per serving | INGREDIENTS: MILK, VITAMIN D3. | CONTAINS MILK | Total Sugars 11g | Incl Og Added Sugars 0% | 5% Protein 8g | 20% Iron 0% • Potas 8% • Vit A 10% | DISTRIBUTED BY TARGET CORPORATION | MINNEAPOLIS, MN 55403 | TM & ©2019 Target Brands, Inc. | Shop Target.com | Guest Services 1-800-8:51 | *TBST PLEDGE: OUR FARMERS PLEDGE | NOT TO TREAT THEIR COWS WITH | TBST. NO SIGNIFICANT DIFFERENCE | HAS BEEN SHOWN BETWEEN MILK | DERIVED FROM rBST TREATED COWS | AND NON-TBST TREATED COWS. | GALLON (3.78 L) | KOSHER | 0 | 85239 28405 | 6 | C-000972-01-176 284 02 0005 23099-1A | 100% Satisfaction | Guaranteed or | Your Money Back | RIDAIRY | UNIT PRICE | 1.05 | PER QT | 284 02 0005 3 | 1-4-1.90 9/9 | RETAIL PRICE | 4.19 | GO MILK | WHOLE VITAMIN D 1260Z | 13160 | C | wed | Facts | 10% | 129 | %DV | 4% | 29% | 0% | Terv | ars 11g | (240ml) | 150 | Sugars 0% | GALLON (3 | QUA | rBST | FLEDGE | 085239 28405 | 6 | LEDGE | C-000972-01-176 284 02 0005 23099-14 | 100% Satisfaction | Saranteed or | Money Back",,
