image,engine,final_price_guess,correct,match,price_source,all_prices,weight_unit_guess,name_candidates,notes,raw_text
1.JPG,tesseract,09.27,15.81,N,fallback: first price,"09.27, 3.49",4.53Lb,DEPARTMENT OF | BNLS SKLS | AGRICULTURE | CHICKEN BREAST | NET WT LB | PRICE | PRODUCT OF USA,"Boneless Skinless Chicken Breast, 4.53 lb @ $3.49/lb","be” bs |  | af > |  | alte |  | wou |  | sae |  | gee |  | Ber |  | Bi |  | ene |  | is |  | & |  | PEC |  | OSA |  | DEPARTMENT OF |  | eK |  | BNLS SKLS |  | AGRICULTURE |  | CHICKEN BREAST |  | 2 |  | P 935 L6 |  | 76946 |  | w |  | “09.276 |  | PRICE/LB |  | NET WT LB |  | “ |  | 3.49 4.53Lb |  | q |  | ee |  | a> |  | TOTAL g |  | — |  | 2122675210158 11 |  | PRICE |  | -*& |  | a |  | PRODUCT OF USA |  | ~) |  | eG |  | a |  | Py, | "
1.JPG,vision,15.81,15.81,Y,label: TOTAL $ PRICE,"3.49, 15.81",4.53lb,DEPARTMENT OF | AGRICULTURE | SELL BY | BNLS SKLS | PRICE | PRODUCT OF USA,"Boneless Skinless Chicken Breast, 4.53 lb @ $3.49/lb",INSP | U.S. | TED | DEPARTMENT OF | AGRICULTURE | SELL BY | BNLS SKLS | * | CHICKEN BREAST P 935 L6 | 09.22.26 | 76946 | PRICE/LB NET WT LB | 3.49 4.53lb | TOTAL $ | PRICE | 15.81 | 22267520 15811 | PRODUCT OF USA
10.JPG,tesseract,2.24,2.24,Y,fallback: first price,"2.24, $0.56",,,"LIDL 1% Lowfat Milk, 1 gallon","1% |  | LowFat |  | Mix |  | tow. |  | om |  | ¥ |  | meg | |  | or) |  | LOWFAT, |  | Ko} |  | WFAT |  | me |  | MILK |  | a |  | ‘ |  | pele |  | 1% Ki |  | stig |  | LK |  | Ri uae A ts |  | wie I |  | ORR, |  | Ta RE GT |  | OS |  | i |  | ae |  | creas |  | Trae |  | ao |  | i= |  | Nis |  | Torstar |  | Sura |  | = |  | Toser |  | ‘SUT |  | os |  | To So |  | 3 |  | Is Pot |  | is |  | SOU ins |  | ‘ie 5 |  | aS |  | aie |  | =a |  | is |  | os |  | (4 |  | vet |  | | |  | vanamay |  | oi |  | VAL (2744) |  | LDL |  | ——_ |  | ——— |  | 1% Lowfat |  | rt |  | Milk |  | 1 gallon |  | it 6 |  | 2.24 |  | Se |  | 56 ¢ per qt. |  | * |  | Kis |  | sonra | "
10.JPG,vision,2.24,2.24,Y,fallback: first $ price,"3.78, 2.50, 1.50, $0.56, $2.24","1 GAL, 1 GAL, 1 GAL, 3.78L",LOWFAT | LOWFAT | VAMNAG | LOWFAT | HOMOGENIZED GRADE ALFAT | DISTRIBUTED BY,"LIDL 1% Lowfat Milk, 1 gallon",LOWFAT | MILK by LADL | AMINA&D-PASTEURIZED | MOGENIZED GRADE A-1% MILKFAT | Nutrition | Facts | Total Fat 2.5g | 3% Total Carb. 13g | 16 servings | Sat. Fat 1.5g | 8% Fiber 0g | 0% | per container | Trans Fat Do | Total Sugars 12g | 1 cup (240) Sodium 130mg | Calories | Cholest. 10mg | 4% | S | Ind. Do Added Sugars 0% | Protein Bo | 110 10% Calon 27% 0% Petas PS VEA15% | 1 GAL (3.78) | www2.. | 2% PAPER | LOWFAT | 1% MILK LADL | VAMNAG | Nutrition | Facts | per contarer | Servies site | Total Fat 2.5 % Total Carb 13 | 1 tap (240) Chalest. 15ng | Sedi 130g | Total Sugars 120 | s | 1 by Atters 0% | % Protein | 1 GAL) | 10/02/2642-0 | LOWFAT | 1% MILK LADL | VITAMINA &D PASTEURIZED | HOMOGENIZED GRADE ALFAT | Nutrition | Facts | Tetal Fat 2.50 | REAL | %DV Amserving | 3% Total Carb. 139 | 8% Fiber 0g | 16 servings | Sat. Fat 1.50 | per container | Trans Fat 0g | Total Sugars 120 | Serving stre | 4% | BY | 1 cup (240) Sodium 130mg | Calories | Dg Added Sugars 0% | % Protein Ba | 110 VE 10% Calcium 25% on 0% Potas & VA15% | DISTRIBUTED BY | TON VA 22202 | www.lidl.com | 1 GAL (3.78L) | LIDL | 1% Lowfat | Milk | 1 gallon | Limit 6 | 0217562 | 56¢ per qt. | $2.24 | 10-13-26.J | 2% PIPESUP | 2% 1
11.JPG,tesseract,2.19,,,fallback: first $ price,$2.19,,ALLEN HARIM,"PER-LB ONLY: Allen Harim Chicken Breast $2.19/lb, variable weight, no total",——- |  | —_— oe |  | F => fk 2 |  | ae ae ae |  | — i” a So |  | > Gl GD GED GED Gump on |  | SEE |  | aaa |  | = |  | a |  | ALLEN HARIM |  | Chicken Breast |  | Family Pack |  | Boneless / Skinless |  | cd |  | $2.19 |  | EE raaon67 |  | 1D |  | individually priced for are |  | a |  | — |  | — |  | i neeedtienl | 
11.JPG,vision,2.19,,,fallback: first $ price,$2.19,,ALLEN HARIM,"PER-LB ONLY: Allen Harim Chicken Breast $2.19/lb, variable weight, no total",ALLEN HARIM | Chicken Breast | Family Pack | Boneless Skinless | 7449867 | 1 D individually priced for you | $2.19 | perlb
12.JPG,tesseract,,,,none found,,,LOOSE,"PER-LB ONLY: Loose Organic Bananas 68 cents/lb, variable weight, no total","2 =. = |  | + |  | -% |  | “SS |  | 7, |  | 5 te] |  | e |  | — |  | rear |  | | |  | Aaa oem! |  | oer |  | LOOSE |  | Organic |  | Bananas |  | 94011 |  | PLUS4O11 |  | 0980100 |  | perlb |  | —— |  | aaa. |  | oe |  | ~ ae nama cagemt te sea 0 |  | | neneenet |  | a |  | a lll ar ame te ae |  | ~~ |  | %, |  | % |  | ps |  | . |  | o™” |  | of |  | a |  | oe |  | as | "
12.JPG,vision,0.68,,,fallback: first $ price,$0.68,,LOOSE,"PER-LB ONLY: Loose Organic Bananas 68 cents/lb, variable weight, no total",LOOSE | Organic | Bananas | 94011 | PLU94011 | 0980100 | 68¢ | perlb
15.JPG,tesseract,3.99,3.99,Y,fallback: first $ price,"3.99, 3.99, $3.99",,,"Bakery Farmer's Bread, each (German Bread also $3.99 in frame)","en |  | Farmer's |  | an. |  | : |  | Bread |  | ——— |  | aa |  | J |  | Pda |  | $ 3.99 each |  | s |  | = |  | ee |  | — |  | if |  | 2 tae |  | ea |  | } |  | 2''@ |) |  | mit |  | — |  | — |  | le |  | i |  | —————— |  | ‘ |  | Ni |  | 14 |  | wy, |  | Be |  | es |  | —— |  | Sth |  | SS |  | ee A |  | a |  | ~ |  | % |  | i |  | wae |  | phates |  | } |  | if |  | he |  | te |  | —— |  | Seas |  | — |  | — |  | re |  | German |  | Bread |  | _ |  | 31 |  | i |  | TT | |  | | |  | Sourdough |  | a} |  | ‘i as |  | each |  | 3.99 |  | | x |  | TEE nan |  | 1” |  | wl |  | “4 |  | $3.99 each |  | — — |  | ee |  | <a |  | = |  | Zs |  | SS |  | ie |  | atte |  | — |  | att |  | S Ses | "
15.JPG,vision,3.99,3.99,Y,fallback: first $ price,"$3.99, $3.99, $3.99, $3.99",,PLUTS,"Bakery Farmer's Bread, each (German Bread also $3.99 in frame)",Farmer's | Bread | 192 | each | 1D | 9341165 | German | Bread | 191 | Sourdough | each | PLUTS | 63716434 | 10 | $3.99 each | $3.99 | $3.99 each | $3.99
16.JPG,tesseract,8.65,8.65,Y,fallback: first $ price,"4.95, $8.65, 10.49",,OUETTE | ALOUETTE,"Alouette Double Creme Brie, 13.2 oz","Double Cré1 |  | 1) |  | le Creme |  | iloulette |  | Br |  | rie |  | alouette |  | —————— |  | Sey |  | meinen calibrate ie 3 |  | a |  | OUETTE |  | SS |  | N BRIE 6/ |  | 2 0z |  | 08:57 |  | 4.950 tb |  | cy MN |  | ml HH |  | _ |  | — mee |  | Sieratityere, |  | san |  | acetene |  | ALOUETTE |  | Brie |  | Double Créme |  | Soft Ripened Cheese |  | a |  | $8.65 |  | $ 10.49 per lb | "
16.JPG,vision,8.65,8.65,Y,fallback: first $ price,"$10.49, $8.65","13.2 OZ, 4.950 Lb, 13.2 oz",ALOUETTE | SPREADABLE BRIE,"Alouette Double Creme Brie, 13.2 oz",♡ | alouette | Double Crème | Brie | Double Crème | 1874 | Brie | alouette | LOUETTE DBL CREME PLAIN BRIE 6/13.2 OZ | EST IF USED BY: 10/10/26 | 08:57 | 4.950 Lb | (01)20071448214131(15)261010(3202)000495(10)0000618984 | 2048 | ALOUETTE | Double Crème | Brie | Soft Ripened Cheese | 13.2 oz | 7003086 | 4 D | $10.49 per lb. | $8.65 | Doubl | B | 522 | alouette | Crime de Brie | -- | alouette | Crème de Brie | SPREADABLE BRIE
17.JPG,tesseract,3.99,,,fallback: first price,"3.99, 3.99, 1.99, 1.99",,BEETS,AMBIGUOUS: 2 products in frame (Multigrain $3.99 / Italian Bread $1.99),"SS |  | —_—— |  | aE |  | eaceieine |  | S. ¢ |  | i € |  | Multigrain |  | a |  | Seeded Bread |  | 194 |  | ——— |  | ui58 |  | 3.99 |  | = |  | 1262 |  | Ty |  | $ 3.99 each |  | Bee |  | = |  | : |  | : |  | eee |  | ————— |  | hy |  | ina |  | EE |  | he |  | < |  | ea |  | xa |  | Ns |  | 3 |  | = |  | a |  | Sees |  | RZ, |  | eM |  | ss |  | BEETS |  | eT |  | Sg |  | aS |  | —_— TT |  | Ss |  | —— |  | Italian |  | Bread |  | 572 |  | 3 |  | each |  | 1.99 |  | 3} rase076 |  | § 1.99 each |  | , |  | aa | "
17.JPG,vision,3.99,,,fallback: first $ price,"$3.99, $3.99, $1.99, $1.99",,,AMBIGUOUS: 2 products in frame (Multigrain $3.99 / Italian Bread $1.99),Multigrain | Seeded Bread | 194 | each | Rece | PLU194 | 0211262 | 1D | Italian | Bread | 572 | each | PLUS72 | 7248076 | 1D | $3.99 each | $3.99 | $1.99 each | $1.99
18.JPG,tesseract,6.45,,,fallback: first $ price,"$6.45, $2.19, 8.60, $3.99, $3.99, $8.05, 8.05",4oz,,AMBIGUOUS: many cheeses in frame ($2.15-$8.05),4 aman |  | Serre |  | od |  | th |  | 2 |  | Kerrygolo |  | kerrygold |  | ison Valley |  | Dubliner |  | Goat Cheese |  | Goat Cheese |  | Aged 12 Mon' |  | orn Lveland |  | ia / |  | ory |  | Log |  | $6.45 |  | $2 |  | ‘4oz |  | $2.19 |  | S14. |  | $ 8.60 per lb. |  | $8. |  | perl |  | We |  | ie |  | Say |  | x |  | / MOZZA Moz eLtg |  | i) |  | Ss |  | — aw |  | 7. |  | Pi |  | g |  | = |  | 4 |  | ud |  | x et |  | _— |  | wiz |  | & |  | D |  | ————— |  | ale |  | ———— |  | ; |  | aoe |  | —- |  | —————— |  | —- |  | 9 6 6S ae Se Se = |  | —= |  | — —— |  | amp < |  | >« |  | > ¢ |  | cS |  | Gap G=D |  | oe |  | => a= ap |  | Fresh |  | Mozzrell |  | rela |  | per b- |  | $3.99 |  | $3.99 |  | $8.05 per Ib. |  | 8.05 |  | & |  | a |  | (See Son att a Vt eal eR a a |  | OP ap. a= fe I | 
18.JPG,vision,2.89,,,fallback: first $ price,"$2.89, $14.75, $6.45, 8.60, $2.15, $7.58, 56.98, $3.49, 8.76, $2.19, $3.99, $3.99, 8.05, $8.05","7 oz, 8 OZ, 16 oz, 4 oz, 16 oz",BLUE CHEESE | KERRYGOLD | FRESH | OZZARELLA | MOZZARE | FREELLA | DUBLINER | MOZZARE | FRESH | MOZZARELLA | OZZARELLA | MOZZARELLA | CHEESE | VERZOW | BIAZZO | PRESIDENT | KEEP REFRIGERATED | PRESIDE | BELGIOIOSO | MOZZARELLA RELL | FRESH | SLICED | ZZARELLA | FRESH | GIOIOSO | SLICED | BELGIOLOSO | BELGIOIOSO | BURRATA,AMBIGUOUS: many cheeses in frame ($2.15-$8.05),Milton | BLUE CHEESE | 60 | KEEP REFRIGERATED NET WT4UZ | $2.89 | KERRYGOLD | Dubliner | Aged 12 Months | Imported from Ireland | 7 oz | FRESH | OZZARELLA | MOZZARE | FREELLA | KERRYgold | DUBLINER | Distinctive ay mat | 7 | 8 OZ | KERRYgold | $14.75 per lb. | $6.45 | Hudson Valley Creamery | Goat Cheese | Log | Blueberry Vanilla/ Cranberry | $ 8.60 per lb. | FRES | MOZZARE | FRESH | MOZZARELLA | $2.15 | Biazzo | OZZARELLA | 除 | Biazzo | Whole Milk | MOZZARELLA | CHEESE | SE Whole Mi | Facon 2 | Caus | VERZOW | HE | 1 KEEP REFRIGERATED | のお | zarella Ball | New Low | Price | $7.58-per-ib | 56.98 per lb. | SAVE | 300 | $3.49 | BIAZZO | Mozzarella | Cheese | Whole Milk | 16 oz | PRESIDENT | www.or (220 | PubCheese | KEEP REFRIGERATED | Spreadable Cheese | BE | PRESIDE | Goat Cheese | Log | Plain | 4 oz | $ 8.76 per lb. | $2.19 | BELGIOIOSO | HS | MOZZARELLA RELL | FRESH | SLICED | ED | ZZARELLA | FRESH | GIOIOSO | SLICED | 40 | $3.99 per lb. | $3.99 | BELGIOLOSO | Fresh | Mozzarella | Sliced | 16 oz | $ 8.05 per lb. | $8.05 | NET WT 16 24 | BELGIOIOSO | BURRATA
19.JPG,tesseract,11.87,,,fallback: first $ price,"65.19, $11.87, $5.25, 10.50",,,AMBIGUOUS: 2 products in frame (Fontina/Asiago $5.25 / Gorgonzola $5.19),"is |  | — Pisses te |  | TL |  | : |  | Po} |  | 2a |  | Jrnuasau |  | 2 |  | S |  | 5 |  | & |  | = |  | | |  | i |  | a |  | ae |  | ei |  | a |  | _ it |  | ————— |  | Gorgonzola |  | Cheese |  | ————— |  | ventina/Asiago |  | Cheese |  | 65,19 |  | 8 0z |  | $11.87 pet tb. |  | ———————— |  | $5.25 |  | « §10.50 per lb. |  | ee | "
19.JPG,vision,3.99,,,fallback: first $ price,"$3.99, $29.67, $18.24, $10.50, $5.25, $5.19, $11.87","3.5 oz, 226g, 8 oz, 7 oz",FRANCESC | CHEEGEN | RESERV | SOURCED | LOCALLY | FONTINA | CHEESE | CHEESE | MILBONA | LIDL PREFERRED SELECTION | FREES,AMBIGUOUS: 2 products in frame (Fontina/Asiago $5.25 / Gorgonzola $5.19),$3.99 | Product of France | 3.5 oz | 09/36-09/22 | 4D | 7460620 | $29.67-per-lb. | $18.24 per lb. | FRANCESC | MAMA | RE | CHEEGEN | RESERV | UGE BY FPR 18 227 | SOURCED | LOCALLY | Nutrition Facts Seve | Yoz/226g | FONTINA | Millona | CHEESE | AŞIAGO | Milbona | 6 | CHEESE | MILBONA | Fontina/Asiago | Cheese | 8 oz | 7189531 | $10.50 per lb. | $5.25 | LIDL PREFERRED SELECTION | Gorgonzola | Cheese | Dolce | 7 oz | FREES | 0201803 | $5.19 | 4D | $11.87 per lb.
2.JPG,tesseract,1.33,1.33,Y,fallback: first $ price,"$1.33, $0.67",,,"LIDL 0% Fat Free Milk, 64 fl oz",_ - = |  | — es |  | 2k |  | — —__ |  | an |  | See eT ens meet |  | LIDL |  | a |  | 0% Fat Free |  | Milk |  | — |  | Sarat |  | 64 fl oz |  | 10973 |  | 4D |  | $1.33 |  | 67 ¢ per at. | 
2.JPG,vision,1.33,1.33,Y,fallback: first $ price,"$0.67, $1.33",,,"LIDL 0% Fat Free Milk, 64 fl oz",wwwww | 0% | LIDL | 0% Fat Free | Milk | 64 fl oz | 10/02/26 | 0% AT PREK | 20 | 7230973 | 4 D | 67 ¢ per qt. | $1.33
21.JPG,tesseract,18.38,9.19,N,fallback: first $ price,"9.19, 9.19, $18.38, 18.38",,PREFERREY | SELECTION,"LIDL Preferred Selection DOP Pecorino Romano Cheese, 8 oz","2) |  | \d |  | 40n- |  | PREFERREY |  | SELECTION |  | WADE Wire SHEEP'S WH |  | salty and sharp |  | a |  | Sik |  | i TALY |  | Sy |  | ‘anor? |  | “ |  | : |  | ad |  | AY |  | x |  | =x |  | ed |  | ‘y |  | wiwitg |  | od |  | \y |  | #4 |  | & |  | Bae |  | a |  | 0 |  | va, |  | a) \ |  | ow os |  | Ce |  | es |  | DOP Pecor ° |  | DOP pecoane |  | Romano Cheese |  | oz |  | Romana Cheese |  | (ae |  | 9.19 |  | 9,19 |  | _ $18.38 per Ib, |  | a |  | $ 18.38 per lb. |  | <— |  | ZB |  | iS |  | >» |  | > |  | > | "
21.JPG,vision,9.19,9.19,Y,fallback: first $ price,"18.38, $9.19, 18.38, $9.19","8 OZ, 227g, 8 oz, 8 oz",PREFERRED | SELECTION | PECORINO | ROMANO | MADE WITH SHEEP'S MILK | IMPORTED FROM | ITALY | CTION | E WITH SHEEP'S MILK | MPORTED FRO | PIFER | ROMAN | ITALY | SERVING SUGGESTIE | KEEP REFRIGERATED | RSMAND | CHEESE | WEEP REFRIGERATED | CHEESE | LIDL PREFERRED SELECTION | LIDL PREFERRED SELECTION | GRATED,"LIDL Preferred Selection DOP Pecorino Romano Cheese, 8 oz",PREFERRED | SELECTION | PECORINO | ROMANO | ED | N | MADE WITH SHEEP'S MILK | salty and sharp | IMPORTED FROM | ITALY | RRE | CTION | ORIN | MANC | 609 | E WITH SHEEP'S MILK | salty and sharp | MPORTED FRO | ALY | PIFER | ACT | ECOR | ROMAN | ROM | ITALY | SERVING SUGGESTIE | KEEP REFRIGERATED | 8 OZ (227g) | RSMAND | 120 | CHEESE | WEEP REFRIGERATED | NET WT 802 | 120 | PER | CHEESE | NET WT 8 | LIDL PREFERRED SELECTION | DOP Pecorino | Romano Cheese | 8 oz | 7186959 | 4 D | $ 18.38 per lb. | $9.19 | LIDL PREFERRED SELECTION | DOP Pecorino | Romano Cheese | 8 oz | T7186959 | 4D | $ 18.38 per lb. | GRATED | $9.19 | 010
24.JPG,tesseract,3.79,3.79,Y,fallback: first $ price,"3.79, $3.79",,PASTURE RAISED | LARGE BROWN,"LIDL Free Range Large Brown Eggs, 12 ct","aR. |  | ‘certiiedhumane.org |  | PASTURE RAISED |  | | |  | CE |  | NE |  | IIEGES) |  | LARGE BROWN |  | ore |  | smo |  | NW |  | il |  | ty |  | bed. |  | § |  | ul |  | a. |  | ix |  | (@) |  | (=F |  | — |  | Roe |  | za |  | Pai |  | ad |  | —— |  | LIDL |  | — |  | Free |  | Range |  | Large Brown Grade A Eggs |  | 12 count |  | 3,79 |  | eae youu “° $3.79 per12 count |  | — | "
24.JPG,vision,3.79,3.79,Y,fallback: first $ price,"3.79, $3.79",,LARGE BROWN | HUMANE | PASTURE RAISED | LARGE BROWN | CERTIFIED | HUMANE | BEST BY,"LIDL Free Range Large Brown Eggs, 12 ct",QUO | LARGE BROWN | by LADL | HUMANE | RAISED&HANDLED | certifiedhumane.org | PASTURE RAISED | LARGE BROWN | CERTIFIED | HUMANE | RAISED&HANDLED | 12 EGGS | 06 P1194 | BEST BY | LIDL | Free | Range | Large Brown Grade A Eggs | 12 count | 7002834 | 4 D | $ 3.79 per 12 count | $3.79 | FARM | BEST | America's Superior Toy | -GRADE A LARGE | EGG
25.JPG,tesseract,7.89,7.89,Y,fallback: first price,7.89,1.3 OZ,BUTCHE,"Butcher's Specialty Ground Beef Patties 80% Lean, 21.3 oz (sale)","x |  | a |  | BUTCHE |  | SS |  | Lm |  | Cl |  | + |  | am 3 |  | Ground |  | Beef Patties |  | OU*A Leal |  | 2. |  | ¥ |  | j Ls |  | 1.3 OZ |  | 7,89 |  | Ht: |  | > |  | — |  | S |  | 4 |  | ) |  | 3 |  | p |  | e |  | LD |  | = |  | ‘a |  | — |  | i iil |  | en | "
25.JPG,vision,7.89,7.89,Y,fallback: first $ price,"6.23, 5.93, $0.40, 8.29, $7.89",21.3 oz,LEARN MORE | STION | BUTCHER'S SPECIALTY,"Butcher's Specialty Ground Beef Patties 80% Lean, 21.3 oz (sale)",LEARN MORE | STION | BUTCHER'S SPECIALTY | Ground | Beef Patties | 80% Lean | 21.3 oz | 09/12-10/09 | 1 D | 7251707 | New Low | Price | $ 6.23 per lb. | $ 5.93 per lb. | SAVE | 40¢ | 8.29 | $7.89
26.JPG,tesseract,5.72,5.72,Y,fallback: first price,"5.72, $3.82",,,"Eggland's Best Large White Eggs, 18 ct","LA7) |  | Ans, |  | ae |  | ED: |  | NE |  | — |  | et |  | — |  | cee cae arn eel |  | ry |  | BN |  | Se = |  | — |  | SSS |  | Sete |  | See |  | EGGLA\ |  | =? |  | Larg |  | > |  | White Eggs |  | Grade A |  | phe. |  | 18 count |  | ——————= |  | SSS |  | > |  | 5.72 |  | 47260 |  | $3.82 Per 12 count |  | } | "
26.JPG,vision,5.72,5.72,Y,fallback: first $ price,"$3.82, $5.72",,EGGLAND'S BEST,"Eggland's Best Large White Eggs, 18 ct",GGS | ED | NE | DLED | FED | EGGLAND'S BEST | Large | White Eggs | Grade A | 18 count | 7147860 | 4 D | $3.82 per 12 count | $5.72 | 14 P1194 250 RH | BEST BY 10 21 26
27.JPG,tesseract,1.99,1.99,Y,fallback: first $ price,"1.99, $1.99, 1.99, $1.99",,,"Bakery Italian Bread, each","Italian |  | Bread |  | a» | |  | 572 |  | & |  | 57 |  | 1.9988 |  | 2076 |  | $1.99 each |  | Sf |  | ae |  | i |  | pi |  | *~-r |  | , as |  | ge |  | dhs |  | Italian |  | Bread |  | N |  | 572 |  | each |  | 1.99 |  | $1.99 each |  | — re | "
27.JPG,vision,1.99,1.99,Y,fallback: first $ price,"$1.99, $1.99, $1.99, $1.99",,,"Bakery Italian Bread, each",Italian | Bread | 572 | each | PLUS72 | 1D | 7248076 | Italian | Bread | 572 | each | PLUS72 | 1D | 07248076 | $1.99 each | $1.99 | $1.99 each | $1.99
28.JPG,tesseract,2.99,2.99,Y,fallback: first price,"2.99, 2.99",,EE LARGE | AGE FREE,"LIDL Organic Cage Free Large Brown Eggs, 12 ct (sale)","4 |  | ys |  | eee |  | & |  | EE LARGE |  | nN |  | (no |  | . |  | pay ete coe |  | PDL. |  | 7 > |  | {aa |  | a |  | A |  | El |  | an |  | ~\ |  | SO. |  | isi} |  | AGE FREE |  | BROWN, |  | °S5 |  | a |  | sete |  | Sasa |  | ] |  | ae |  | pa |  | Nome |  | S |  | ai |  | eins |  | J |  | ba |  | tf |  | DI |  | tes |  | Va |  | | |  | oS) |  | = |  | SS eee |  | LIDL |  | Organi |  | ‘Cage Free |  | Em |  | _ Large Brown Grade A Eggs |  | 12 count |  | 8/16 - 09/22 |  | 2.99 |  | 1 |  | 0207318 |  | $ 2.99 per 12 cou | "
28.JPG,vision,2.99,2.99,Y,fallback: first $ price,"$4.05, $2.99, $1.06, 4.05, $2.99",,AGE FREE LARGE BROWN | AGE FREE LARGE BROWN | ORGANIC | CERTIFIED | HUMANE | ORGANIC | CERTIFIED | HUMANE | ORGANIC,"LIDL Organic Cage Free Large Brown Eggs, 12 ct (sale)",AGE FREE LARGE BROWN | by LADL | Organic | AGE FREE LARGE BROWN | ORGANIC | DO | NON | GMO | CERTIFIED | HUMANE | USDA | ORGANIC | CERTIFIED | HUMANE | USDA | ORGANIC | Organi | by LIDLⓇ | LIDL | Organic | Cage Free | Large Brown Grade A Eggs | 12 count | 09/16 - 09/22 | 0201318 | 4 D | $4.05 per 12 count | $2.99 per 12 count | SAVE | $1.06 | 4.05 | $2.99
3.JPG,tesseract,2.15,,,fallback: first price,"$1.25, 2.15",,LACTOSF FREI | EXCELLENT,AMBIGUOUS: 2 products in frame (Soy Milk $2.49 sale / Oat Milk $4.29),"reas sae ePP. |  | ene re |  | rosie, An |  | ea |  | —< |  | | oncinas | |  | J |  | 7) ne |  | ae |  | Ci |  | v |  | NET |  | (\atiir |  | oAt |  | Dt am |  | i |  | a i |  | al |  | one |  | t) |  | DE |  | us |  | wy |  | 4 |  | com |  | uD |  | ———. |  | (' |  | Soy Milk |  | Organic |  | Organic |  | 64 fl oz |  | F |  | Oat ik |  | 10 oom |  | 4 |  | -] |  | 0729256 |  | 40 |  | $1.25 per qt. |  | § 2.15 per at. |  | vermuem  OW 47 26 0704 |  | ee |  | LACTOSF FREI |  | Las |  | erence |  | — |  | EXCELLENT |  | ents | "
3.JPG,vision,2.49,,,fallback: first $ price,"$1.98, 1.25, $1.46, 3.95, $2.49, $4.29, $2.15","7g, 7g",ORGANIC | ORIGINAL | ORGANIC | ORIGINAL | GRGANIC | LACTOSE FREE | LACTOSE FREE | EXCELLENT SOURCE OF CALCIUM | EXCELLENT SOURCE OF CALCIUM | LISTER | ORGANIC | BY NATURE | BY NATURE | OAT OAT | PLANET | NATURAL BY NATURE | BEST IF USED BY | LACTOSE FREE | ACTOSEE | LACTOSE | EXCELLENT S,AMBIGUOUS: 2 products in frame (Soy Milk $2.49 sale / Oat Milk $4.29),WARNING: | USDA | ORGANIC | 7g | ORIGINAL | USDA | ORGANIC | hic Organic | ก่อน. | 7g | ORIGINAL | USDA | GRGANIC | Organic | Soy | LIDL | Organic | Soy Milk | 64 fl oz | 09/16 - 09/22 | 4 D | 0229256 | $1.98-per-qt. | $ 1.25 per qt. | SAVE | $1.46 | 3.95 | $2.49 | LACTOSE FREE | LACTOSE FREE | EXCELLENT SOURCE OF CALCIUM | EXCELLENT SOURCE OF CALCIUM | L | Up | LISTER | USDA | ORGANIC | mann.com | For packaged Foods only | Solo para alimentos empacades | Pour | Amesmamente conditionner | TOUS | Male | STORE BETWEEN 33 AN | Natural | BY NATURE | Organic | Natural | BY NATURE | Organic | OAT OAT | DELI | PLANET | OAT | atmi | NATURAL BY NATURE | Organic | Oat Milk | 64 fl oz | אספה אבן | AD | $4.29 | $2.15 per qt. | BEST IF USED BY | NOV 17 26 07:04 H6 L1 51-4109 | LACTOSE FREE | NOV 12 26 14:30 H7 L1 51-419 | ACTOSEE | www.25 1430 151-408 | LACTOSE | SE F | EXCELLENT S | CIUM
31.JPG,tesseract,5.69,,,fallback: first $ price,"$9.58, $5.69, $15.18, $4.09, $10.91",,,"AMBIGUOUS: 4 cheeses in frame (Somerset Cheddar $4.19, 18-Month Gouda $5.69, Baby Swiss $4.09, Smoked Gouda $3.25)","— |  | it |  | $9.58 per lb, |  | _ |  | — |  | Sa, |  | = |  | a |  | vo |  | oe |  | 1% |  | — |  | A |  | poe |  | Ze |  | =< |  | P| |  | me |  | = |  | ‘ee |  | lit thingy |  | ‘Wkaas @) way artikaas |  | ee . |  | Gamez) |  | PAU |  | it |  | BG |  | eae art, |  | Ikaas- |  | 69° |  | Jan |  | 18 Month |  | Aged Goud. |  | — |  | —= |  | Seeseerie |  | 58 |  | Baby Swiss |  | $5.69 |  | Youngsters |  | $15.18 per Ib |  | rt"" |  | ‘ |  | 7 |  | $4.09 |  | _ = |  | $10.91 per ib, |  | ihe td |  | @ |  | im, |  | Sh |  | gs |  | a |  | » fi |  | A |  | X |  | ~~ |  | = |  | \ Se | "
31.JPG,vision,4.19,,,fallback: first $ price,"4.65, $4.19, 0.63, $9.58, 4.65, $4.19, $10.63, $9.58, $15.18, $5.69, 69.84, $8.67, 3.69, $3.25, 10.91, $4.09","7 oz, 7 oz, 6 oz, 6 oz, 6 oz",THE ART OF GOUDA- | AGED GOU | LIDL PREFERRED SELECTION | LIDL PREFERRED SELECTION | RECIPES | PAIRING | IDEAS | THE ART OF GOUDA | ITH LOVE | YOUNGSTERS | RECIPES | PAIRING | IDEAS | SCAN THE COW | THE ART OF GOUDA | ARTIKAAS | ARTIKAAS | BLUE CHEESE | LUE CHELS | CRUMBLES | ARTIKAAS,"AMBIGUOUS: 4 cheeses in frame (Somerset Cheddar $4.19, 18-Month Gouda $5.69, Baby Swiss $4.09, Smoked Gouda $3.25)",artikaas | THE ART OF GOUDA- | LOVE | FRO | 18 MONTH | AGED GOU | LIDL PREFERRED SELECTION | Somerset | Cheddar | Vintage | 7 oz | 08/29-09/25 | 0242932 | SAVE | 46c | LIDL PREFERRED SELECTION | New Low Somerset | Price | Cheddar | 4.65 Extra Mature | $4.19 | $-10.63-per-lb: | $9.58 per lb. | 4D | 7 oz | 08/29 - 09/25 | New Low | Price | SAVE | 46c | 4.65 | 7006000 | $4.19 | $10.63-per-lb | $9.58 per lb. | FROM | RECIPES | PAIRING | IDEAS | artikaas | THE ART OF GOUDA | ITH LOVE | YOUNGSTERS | Swiss | Bal | 10 | 60200.5 | 9415280125 LOT | RECIPES | AND | PAIRING | IDEAS | SCAN THE COW | Partikaas | THE ART OF GOUDA | BROS | 10 | $15.18 per lb. | $5.69 | ARTIKAAS | Smoked | Gouda | 6 oz | New Low | Price | 69.84-per-ib | $8.67 per lb. | SAVE | 44c | 3.69 | $3.25 | ARTIKAAS | 18 Month | Aged Gouda | 6 oz | BLUE CHEESE | LUE CHELS | CRUMBLES | ARTIKAAS | Baby Swiss | Youngsters | 6 oz | WITH | LOVE | LAND | 7206796 | $ 10.91 per lb. | DDAR | $4.09
32.JPG,tesseract,,11.45,N,none found,,32 oz,BUTCHER'S SPECIALTY,"Butcher's Specialty Ground Beef 80% Lean, 32 oz (sale)",Se eT oll RRR |  | ——— |  | Tr in gs |  | BUTCHER'S SPECIALTY |  | Ground |  | Beef |  | 80% Lean |  | 32 oz |  | OSs 45 |  | Eas BEY 09/12 - 10/09 |  | 1D |  | 251716 |  | ies 73 per Ib. |  | = |  | ——— |  | be | 
32.JPG,vision,11.45,11.45,Y,fallback: first $ price,"$6.70, 5.73, $1.94, 13.39, $11.45",32 oz,BUTCHER'S SPECIALTY,"Butcher's Specialty Ground Beef 80% Lean, 32 oz (sale)",BUTCHER'S SPECIALTY | Ground | Beef | 80% Lean | 32 oz | 09/12-10/09 | 1 D | 7251716 | New Low | Price | $6.70 per lb. | $ 5.73 per lb. | SAVE | $1.94 | 13.39 | $11.45
33.JPG,tesseract,1.80,,,fallback: first $ price,"$1.80, $12.95, $8.55, $4.28, 6.48","32 oz, 32 oz",BUTCHER'S SPECIALTY | BUTCHER'S SPECIALTY,AMBIGUOUS: 2 products in frame (Ground Beef 73% $8.55 / 85% $12.95),-——€ |  | — |  | eD |  | Fe icin’ |  | Featitan-at |  | lige sts |  | BUTCHER'S SPECIALTY |  | BUTCHER'S SPECIALTY |  | Ground |  | Ground |  | Beef |  | Beef |  | SAVE |  | 73% Lean |  | $1.80 |  | 1835 85% Lean |  | oo |  | eee |  | 32 oz |  | 32 oz |  | $12.95 |  | 09/12 -10/09 |  | 1 |  | $8.55 |  | 09/12 -10/09 |  | TT |  | WF 7449882 |  | : $4.28 per Ib. |  | 7251714 |  | . $ 6.48 per Ib. | 
33.JPG,vision,12.95,,,fallback: first $ price,"$1.80, 10.35, $1.04, 13.99, $12.95, $7.00, 6.48, $8.55, $5.18, 4.28","32 oz, 32 oz",BUTCHER'S SPECIALTY | BUTCHER'S SPECIALTY,AMBIGUOUS: 2 products in frame (Ground Beef 73% $8.55 / 85% $12.95),BUTCHER'S SPECIALTY | Ground | Beef | 73% Lean | 32 oz | 09/12-10/09 | BUTCHER'S SPECIALTY | New Low | Price | Ground | Beef | SAVE | $1.80 | 10.35 85% Lean | New Low | Price | 7251714 | SAVE | $1.04 | 13.99 | $12.95 | $7.00 per lb. | $ 6.48 per lb. | 1 D | $8.55 | $5.18 per lb. | $ 4.28 per lb. | 32 oz | 09/12 - 10/09 | 7449882 | 1 D
34.JPG,tesseract,2.79,2.79,Y,fallback: first $ price,"$1.40, $2.79",,WHOLE MILK | PASTEURIZED,"Milbona Lactose Free 2% Reduced Fat Milk, 64 fl oz",RVD 96 14:50 H7 LY Sats |  | LAC™ |  | FREE |  | — |  | \t |  | Wes jLactose Lactof |  | ‘cTOsES cTos |  | -REE |  | F |  | f |  | EE |  | EE |  | WHOLE MILK |  | THAN WHOLE MILK = |  | wi |  | PASTEURIZED |  | iENIZEI |  | ; |  | “AM |  | OL |  | 04334035159614 WL |  | Wy ina |  | a |  | 0) |  | il |  | 0: |  | mit 4 |  | +4 |  | — |  | 2% |  | Lactose Free |  | Ik |  | $1.40 per qt |  | $2.79 |  | EE Ss -- |  | we Oa x @ x |  | BY | | 
34.JPG,vision,2.79,2.79,Y,fallback: first $ price,"$1.40, $2.79","15g, 15g",BEST IF USED BY | WHOLE | BEST OF USED BY | CALCIUM | WWWANN | BEST IT USED BY | IF USED BY | EXCELLE | CALCIUM | STOSE FREE | ACTOSE LACTOSE LACTO | UCED FAT MILK | AT THAN WHOLE MILK | RIZED | GRADE A | ULTRA-PASTEURIZED | HOMOGENIZED | GRADE A | ULTRA-PASTEU | HOMOGENIZED | ACTOSE CTOSE | UCED FAT MILK | DUCED FAT MILK | AT THAN WHOLE MILK SS FAT THAN WHOLE MILK | QURIZED | PASTEURIZED | GENIZED | WHOLE,"Milbona Lactose Free 2% Reduced Fat Milk, 64 fl oz",BEST IF USED BY | 04 H | E FR | Packed with | WHOLE | MILK | NOV 12 26 14:30 H7 L1 51-4109 | FREE | NOV 12 26 14:30 H7 L1 51-4109 | BEST OF USED BY | L/ | FREE | CALCIUM | WWWANN | BEST IT USED BY | LACT | NOV 17 26 0704 H6 L1 51-4109 | FREE | IF USED BY | EXCELLE | CALCIUM | NOV 12 26 1429 H7 L1 51-4109 | LACT | ΤΕ | CIUM | STOSE FREE | Milbona | Milbona | Milbona | ACTOSE LACTOSE LACTO | EE | UCED FAT MILK | AT THAN WHOLE MILK | D | RIZED | FREE | 2% REDUCED FAT MILK | 38% LESS FAT THAN WHOLE MILK | GRADE A | VITAMIN A&D | ULTRA-PASTEURIZED | HOMOGENIZED | FREE | 2% REDUCED FA | 38% LESS FAT THA | GRADE A | VITAMIN A & D | ULTRA-PASTEU | HOMOGENIZED | Milbona | Milbona | ACTOSE CTOSE | EE | EE | UCED FAT MILK | DUCED FAT MILK | AT THAN WHOLE MILK SS FAT THAN WHOLE MILK | QURIZED | A | NA&D | PASTEURIZED | GENIZED | 159 | MILK | 11/01/ 100-4000 DE 27 | (01)04334035159614(15) 261112 (10) 090326WI | 159 | 15g | WHOLE | MILK | 15g | Lactose Free | 2% Milk | 64 fl oz | Res | 0217145 | 4D | $1.40 per qt. | $2.79 | (01)04334035159614 (15) 261112(1 | fair | Locloid | Whole | Milk
36.JPG,tesseract,,1.33,N,none found,$0.67,,LOWFAT,"LIDL 1% Lowfat Milk, 64 fl oz","SF 1002/26<! |  | ay |  | ae |  | 10/02/26. |  | pa19 |  | ae |  | BF 10/05/26. |  | 40 |  | oe |  | 10/02/2683 |  | soupy |  | ne |  | 10/02/2658 |  | 1% MaKe” |  | Lowi |  | Eton, |  | 1% |  | MILK |  | ae |  | 1% beret |  | LOW |  | » |  | LOWFAT |  | rst |  | % |  | MILK |  | 1% |  | MILK |  | eh eee |  | JS) |  | © |  | utes tar |  | if |  | toe |  | SS |  | er |  | aor |  | tg |  | = |  | —— |  | aucun |  | mat |  | ee) |  | Prot |  | ET, |  | eh |  | Theta |  | att |  | ss |  | = |  | = |  | a |  | Ei |  | (rcs |  | Sear |  | ia ee |  | Re |  | cars |  | ee |  | Facts |  | ati |  | = |  | festa |  | uty |  | Ta |  | = |  | cy |  | my ee |  | Fae |  | festa |  | sa |  | % lca |  | Sar |  | caleces |  | 110 |  | 1 |  | SET |  | Henan’ 2 |  | ap ed) |  | ner |  | 12 |  | aces |  | 10 |  | = |  | sh |  | = |  | 'D |  | are) |  | 10 |  | = |  | ee |  | ie |  | | |  | HRW |  | 2, |  | oy aad |  | ; |  | 402 (126A hast |  | == |  | = |  | — |  | UIDL |  | 1% Lowfat |  | Milk |  | ot |  | 64 fl oz |  | Limit 6 |  | 33 |  | onnys |  | > |  | 67 ¢ per qt. | "
36.JPG,vision,1.33,1.33,Y,fallback: first $ price,"2.50, 1.89, $0.67, $1.33, 25.20","2 GAL, 1.9L, 15g, 240ml, 2 GAL, 2 GAL, 1.89L, 2 GAL, 1.89L",LOWFAT | HOMOGENIZED | KEEP REFRIGERATED | LOWFAT | PASTEURIZED | EXE SOURCE OF CALCON SOLINGE | KEEP REFRIGERATED | WENDENTS LEAT MILK VITANATE VEND | CONCING MILK | DISTRIBUTED BY | PASTEURIZED | HOMOGENIZED | LOWFAT | PASTEL D | HOMOGENIZED | DISTRIBUTE | TED BY | DISTRIBUTED | DLUSED BY | LOWFAT | HOMOGENIZED | GRADEA-IN MILKFAT | DISTRIBUTED | LIDL DECO BY,"LIDL 1% Lowfat Milk, 64 fl oz","2/26 | 1% | 550 | by LADL | in LADL | VITAMIN A&D | 10/02/26 | 1% MILK | LOWFAT | VITAMINA&D | HOMOGENIZED | GRADEA 15 ALKAT | trition | Facts | servings | per containe | Serving size | KEEP REFRIGERATED | Total Fat 2.5g 2% Total Cart 13 % | 1 cup (24) Destngth Spr | res 110 | Pratala So | LOL VIS, LLC | MRO | 54 FL 02 (1/2 GAL) 1.9L | 217475A | 19982 | 10/02/26 | SELL 10/02/26 | 1% MILK | LOWFAT | PASTEURIZED | by LADL | Total Fat 25g 3% Total Cart. 13g 5% | 1% MILKFAT | EXE SOURCE OF CALCON SOLINGE | KEEP REFRIGERATED | Nutrition | Facts | 8 servings | Sat Fat 150 % Fiber D | per container Trans Fat 0g | Serving size | 1 cup (240ml) | Cholest ng 4% Ind. Op Added Sugars | Calories | Total Sugars 12 | Sodium 130mg % Protein | 110m 28% • ban 76-Putas. 85-18.A 18% | WENDENTS LEAT MILK VITANATE VEND | CONCING MILK | DISTRIBUTED BY | 1-844-34422202 | www.lidl.com | 217475A | 10/02/26 | 1% LOWFAT | VIIAMINA&D | PASTEURIZED | HOMOGENIZED | MILK | GRADE A 15 MILKYAT | by LADL | OF STAIN 143-LOCE WLRQKEEP REFRIGERATED | Nutrition | Facts | Total Fat 2.5 % Total Cart Cly PS | Calaries | Sedum 130ng 8% Protein p | 110-BLIS | 10/05/26448 | 1% MILK | LOWFAT | WAMINA&D | PASTEL D | HOMOGENIZED | IDEA-1% MILKFAT | by LIDL | 43-2 OF KEEP REFRIGERATED | Nutrition | Total Sugars 120 | servings | SF 15g | berg | n | St | per containe | Serving size | Total Superst | Og Atted Supers P | 1 cup (240ml | Facts | servings | Total Fat 25g 2% Total Carb. 130 | per container | Serving size | Sal Fat 15g | Fiber 0g | Trans Fat D | DISTRIBUTE | TED BY | * | Calories | 217475 | TON VA 22202 | www. | 64 FL 02 (1/2 GAL) 1.85L | Ind. Og Added Sugars | 18% | 110 -- PPPWA 15% | DISTRIBUTED | DLUSED BY | 1844-344-971 | www.lidl.com | 217475A | 10/02/26 | LOWFAT | 1% MILK | VITAMIN A&D | -PASTEURIZED | HOMOGENIZED | GRADEA-IN MILKFAT | Nutrition | Facts | servings | per contain | Serving size | 1 cup (240ml) | Calories | Total Fat 2.50 2% Total Ca | by | Sat Fat 1.5g | Tians Fat g | Fiber 0g | Total Sugars | nd Ath | 110-27-255- | DISTRIBUTED | LIDL DECO BY | ARLINGTON, VA 22202 | 1-044-344-337 | www.lldl.com | 64 FL OZ (1/2 GAL) 1.89 | 64 FL OZ (1/2 GAL) 1.89L | 10/08/26 | 64 FL 02 (1/2 GAL) 1.89L | LIDL | 1% Lowfat | Milk | 64 fl oz | Limit 6 | 0217475 | 4 D | 67 ¢ per qt. | $1,33 | 15/10/02/25.20"
37.JPG,tesseract,3.69,3.69,Y,fallback: first $ price,"$3.69, $3.69, $0.82, $0.82, $5.00, $5.00, $2.50, $2.50, $0.56, $0.56, 5.00, 5.00",,,Cola/Diet Cola 12-pack (regular price; Lidl Plus promo 2-for-$5),i |  | ‘ileal |  | i |  | ha: |  | > |  | astm |  | = |  | ae ee |  | eee |  | Cola |  | | Diet |  | | Cola |  | 12 Pack |  | 12 Pack |  | 12 x 12 fl oz |  | 0 |  | Fee |  | Re |  | lar Price |  | Regular Price |  | as |  | $3.69 |  | $3.69 |  | Regular Price |  | Regular Price |  | 82 ¢ per qt. |  | 82¢ per qt. |  | With Lidl Plus |  | 2 for $5.00 |  | 2 for $5.00 |  | With Lidl Plus |  | i |  | must buy 2 |  | must buy 2 |  | ; |  | $2.50 |  | $2.50 |  | per unit |  | 56 ¢ per qt. |  | per unit |  | 56 ¢ per qt. |  | 09/16 - 09/22 |  | Total: 5.00 |  | Total: 5.00 |  | i |  | 09/16 - 09/22 |  | He |  | D |  | my 0224756 |  | ej 0224720 |  | D |  | CTR see | 
37.JPG,vision,3.69,3.69,Y,fallback: first $ price,"$3.69, $0.82, $5.00, $3.69, $0.82, $5.00, $2.50, $0.56, 5.00, $2.50, $0.56, 5.00",,,Cola/Diet Cola 12-pack (regular price; Lidl Plus promo 2-for-$5),Cola | 12 Pack | 12 x 12 fl oz | Diet | Cola | 12 Pack | 12 x 12 fl oz | Regular Price | $3.69 | Buy | More | Save | More | Buy | More | Regular Price | Save | More | Regular Price | 82¢ per qt. | With Lidl Plus | 2 for $5.00 | must buy 2 | $3.69 | Regular Price | 82¢ per qt. | With Lidl Plus | LIDL | LIDL | 2 for $5.00 | Plus | must buy 2 | Plus | $2.50 | per unit | 56¢ per qt. | Total: 5.00 | 09/16 - 09/22 | $2.50 | per unit | 56¢ per qt. | Total: 5.00 | 09/16 - 09/22 | 6 D | 0224756 | 6 D | 0224720
38.JPG,tesseract,,6.89,N,none found,,2.8L,SHAKE W | GLUTEN FREE | LACTAID,"Lactaid Whole Milk Lactose Free, 96 fl oz",SHAKE W |  | a |  | ENJOY MILK AGAIN} |  | Lactaid |  | LL |  | ENJOY MILK AGAIN} |  | Whole |  | Sa |  | Milk |  | Grade A | Vitamin D | Ultre-Pesteurized |  | ilk |  | li |  | Lactose Free |  | Lactose Free |  | N al |  | Real |  | A |  | be |  | GLUTEN FREE |  | Serving Suggestion |  | EE |  | 96 FL 0Z (2/81) |  | Serving Suggestion |  | 96 FL 02 (2.8L) ex |  | = — |  | LACTAID |  | Whole Milk |  | Lactose Free |  | 96 fl oz |  | 89 |  | BE sn ae Ss 2 30 per qt | 
38.JPG,vision,6.89,6.89,Y,fallback: first $ price,"2.30, $6.89","2.8L, 2.8L",SHAKE WELL BEFORE SERVING | GLUTEN FREE | GLUTEN FREE | LACTAID,"Lactaid Whole Milk Lactose Free, 96 fl oz",SHAKE WELL BEFORE SERVING | Lactaid | ENJOY MILK AGAIN! | Whole | Milk | Grade A Vitamin D e-Pasteurized | Lactose Free | Real Milk | NO DISCOMFORT! | 96 FL OZ (2.8L) | GLUTEN FREE | Serving Suggestion | UD | 9373D4 | ENJOY MILK AGAIN! | Whole | Milk | Grade A | Vitamin D | Ultra-Pasteurized | 器 | Lactose Free | 96 FL OZ (2.8L) | GLUTEN FREE | Serving Suggestion | LACTAID | Whole Milk | Lactose Free | 96 fl oz | 0203479 | 4 D | $ 2.30 per qt. | $6.89
4.JPG,tesseract,2.59,,,fallback: first $ price,"1.75, $2.59, $3.50, $5.18, $1.89, $3.78, 3.78, 3.78",,WHITE CH | CHEDDAR | NEWYORK SHARP | CHEDDAR | WHITE CHEDDAR | NEWYORK SHARP,AMBIGUOUS: 5 cheeses in frame ($1.75-$6.15),"a |  | See arse |  | \, |  | eee |  | ILE |  | — |  | Medium Cheddar |  | —— _ |  | Hickory Smoked |  | Cheese |  | Cheddar Cheese |  | Sticed |  | > eS rere ence terrestres rne eRURE ERP YRS SY TE TET eM |  | Boz |  | 1.75 |  | $2.59 |  | $3.50 per lb. |  | $5.18 per lb. |  | 00 |  | 40 |  | 4p |  | Bf |  | . |  | DDAR |  | “ARP |  | a |  | Silt |  | te |  | <A Ty |  | RT |  | NEW |  | ay |  | WHITE CH |  | There |  | = |  | KAY |  | = |  | CHEDDAR |  | ~f |  | 4 |  | silt |  | ‘sition |  | 164 SnANr |  | ¥ |  | R |  | an |  | er |  | w NEW XORK SHARP ’ |  | » WHITE CHEDDAR |  | iy, Will. DB. CHED, |  | f |  | a |  | 2 |  | ma |  | exTRA SHARP |  | Fi |  | Ny |  | Milbona |  | é |  | A SHARP. |  | & |  | NEWYORK SHARP |  | Wilbous |  | g |  | zy |  | bi |  | CHEDDAR |  | om |  | WHITE CHEDDAR |  | i) “MILD CHEDDA Fe |  | ‘ |  | Sitana |  | aoe |  | far wi 8 |  | SiR |  | [CHEDDAR |  | a |  | NEWYORK SHARP |  | a, |  | ms |  | — |  | — |  | Mild Cheddar |  | Cheese |  | a Sharp |  | Sr |  | Cheddar Cheese |  | ddar Cheese |  | 89 |  | $1. |  | $1.89 |  | $3.78 per lb. |  | $ 3.78 per tb. |  | —— |  | ices. |  | wsucts |  | $ 3.78 per Ib. |  | — |  | = |  | (f |  | e] |  | ime |  | ve | |  | \\ = |  | ‘a |  | AN |  | ES |  | = |  | ax""| |  | | AMAERICAN SINGLES. |  | _# |  | | ee |  | | |  | 1 | "
4.JPG,vision,1.75,,,fallback: first $ price,"$1.75, $3.50, $2.59, 5.18, $3.78, $1.89, 3.78, $1.89, 3.78, $1.89","8 oz, 8 oz, 8 OZ, 8 oz, 8 oz, 8 oz",MILBONA | MILD CHEDDAR | CHISE | MILD CHEDDAR | CHEESE | EXTRA SHARP | CHEDDAR | CHEESE | LATINSTANT | CHEDDAR | WEESE | EXTRA SHAN | CHEDDAR | KEEP REFRIGERATIO | CHEDDAR | CHEESE | CHEESE | NETRAUKISHARP | WHITE CHEDDAR | WHITS CHEDDAR | NEW YORK SHARP | WHITE CHEDDAR | CHEESE | NEW YORK SHARP | TO WHITE CHEDDAR | CHEESE | MILD CHEDDAR | MILD CHEDDAR | CHEESE | MILD CREDORK | EXTRA SHARP | CHEDDAR | CHEESE | TWT READ | PROTEIN | EXTRA SHARP | CHEDDAR | NIP AURIGERATED | CHEDDAR | CHEESE | CHEDDAR | MILBONA | NOSSA | BETWY TO BE CAR | AMISICAN SINGLES | AMERICAN SINGLES | AMERICAN SINGLES | AMERICAN SINGLES | WAIN WITH MEA | AMERICAN SINGLES | KEEP WAGERARY | AMERICAN SINGLES | NEW YORK SHARP | WHITE CHEDDARPHING BATH | CHEESE | WHITE CHEDDAR | CHEES | NEW YORK SHARP | M WHITE CHEDDAD | MILBONA | AMERICAN SINGLES | AMERICAN SINGLES | MAIL WITH LE | AMERICAN SINGLES | WAZE WINZE WE | AMERICAN SINGLES | CAN SINGLES | AMERICAN SINGLES,AMBIGUOUS: 5 cheeses in frame ($1.75-$6.15),MILBONA | Medium Cheddar | Cheese | Sliced | 8 oz | 7006852 | | MILBONA | $1.75 | $3.50 per lb. | 4 D | Hickory Smoked | Cheddar Cheese | Sliced | 8 oz | MILD CHEDDAR | CHISE | 7248073 | $2.59 | $ 5.18 per lb. | 4 D | CHIE | 110 | TWIT | Millione | MILD CHEDDAR | CHEESE | SHERIES COm | EXTRA SHARP | CHEDDAR | CHEESE | LATINSTANT | CHEDDAR | WEESE | EXTRA SHAN | CHEDDAR | KEEP REFRIGERATIO | Wie of (220D | NET WT 02 (26) | NET WEB 07 (22) | ΕΛΙΚΑ Ο ΠΑΝΕ | CHEDDAR | CHEESE | NET WT 8 OZ (226) | CHEESE | NETRAUKISHARP | WHITE CHEDDAR | WHITS CHEDDAR | NEW YORK SHARP | WHITE CHEDDAR | CHEESE | Milbon | NEW YORK SHARP | TO WHITE CHEDDAR | CHEESE | Mild Cheddar | Cheese | Block | 8 oz | 1538531 | B22 | D | MILD CHEDDAR | offse | Milligra | MILD CHEDDAR | CHEESE | MILD CREDORK | EXTRA SHARP | CHEDDAR | CHEESE | NET WT BOZ ) | TWT READ | PROTEIN | Milhona | EXTRA SHARP | CHEDDAR | WET Wroaz (226) | NIP AURIGERATED | Millona | CHEDDAR | HET WTO OF 678 | CHEESE | INET WT 8 07 (227) | CHEDDAR | $3.78 per lb. | $1.89 | MILBONA | Extra Sharp | Cheddar Cheese | Block | 8 oz | NOSSA | $ 3.78 per lb. | $1.89 | ICES | 16 SLICES | BETWY TO BE CAR | AMISICAN SINGLES | 16 SLICES | MAT:2 | AMERICAN SINGLES | AMERICAN SINGLES | Miller | AMERICAN SINGLES | WAIN WITH MEA | 16 SLICES | MET WT 12 12 DAM | AMERICAN SINGLES | 16 SLICES | Milbema | KEEP WAGERARY | AMERICAN SINGLES | Milbona | NEW YORK SHARP | WHITE CHEDDARPHING BATH | CHEESE | WHITE CHEDDAR | CHEES | NEW YORK SHARP | M WHITE CHEDDAD | NET WT 02/2200 | DET WIT & D | MILBONA | New York Sharp | Cheddar Cheese | Block | 8 oz | AMERICAN SINGLES | AMERICAN SINGLES | Mill | MAIL WITH LE | AMERICAN SINGLES | WAZE WINZE WE | AMERICAN SINGLES | 40 | $ 3.78 per lb. | $1.89 | CAN SINGLES | AMERICAN SINGLES
5.JPG,tesseract,6.95,6.95,Y,fallback: first price,"6.95, 4.12",27 oz,CALORIES | THIN- | RAINS | DAVE'S KILLER BREAD | HIN SLICED,"Dave's Killer Bread Organic 21 Grain, 27 oz","—~ |  | V |  | ae |  | ee |  | — Sa |  | SA |  | 15 Va |  | 2 v4 a/Aé |  | ¢ |  | Ww |  | CALORIES |  | ov |  | eo |  | “al |  | : |  | J |  | ~ KS. |  | Legg eT | |  | ——DEANID RREAD — |  | PAW |  | THIN- |  | Mas |  | “) |  | W |  | \phe his |  | = |  | VEY) |  | G, |  | RAINS |  | S |  | aa NON |  | SS) |  | by NS |  | * |  | =< |  | 7 |  | fEDS |  | EGE |  | = |  | Yi |  | — |  | ~ — |  | Mim ie Me |  | ay |  | 5 |  | aN, |  | = |  | ~— |  | ra: |  | ert |  | a 2 - |  | p VET |  | ‘\ |  | DAVE'S KILLER BREAD |  | > |  | Organic |  | HIN SLICED |  | 21 Grain |  | 27 oz |  | rae |  | $6. |  | 6.95 |  | oa |  | »» § 4.12 per lb. |  | LS |  | rr ap |  | 7 |  | i |  | Ww |  | ~ |  | ~""/ |  | bh. .~@ey & |  | > | "
5.JPG,vision,6.95,6.95,Y,fallback: first $ price,"4.12, $6.95",27 oz,BREAD | VERSTED | CALORIES | THIN-SLICED | ORGANIC BREAD | WHOLE | GRAINS | AND SEEDS | ORGANIC | DAVE'S | VERIFIED | CALORIES | THIN-SLICED | DREAME | WHOLE | GRAINS | AND SEEDS | ORGANIC | CALORIE | HIN SLICED | AND SEEDS | DAVE'S KILLER BREAD | ASSIC W | WONDER,"Dave's Killer Bread Organic 21 Grain, 27 oz",USDA | BREAD | NON | GMO | Project | VERSTED | project.org | 60 | CALORIES | THIN-SLICED | ORGANIC BREAD | 21 | WHOLE | GRAINS | AND SEEDS | USDA | ORGANIC | DAVE'S | BREAD 60 | NON | GMO | Proiect | VERIFIED | nongmoproject.org | CALORIES | THIN-SLICED | 21 | DREAME | WHOLE | GRAINS | AND SEEDS | 4502) 5812 | 0248551 | 2 D | $ 4.12 per lb. | $6.95 | USDA | ORGANIC | 00 | CALORIE | HIN SLICED | 1 GRAIN | AND SEEDS | US | ORG | DAVE'S KILLER BREAD | Organic | 21 Grain | 27 oz | Nature | rese | ASSIC W | WONDER
6.JPG,tesseract,,4.19,N,none found,,,AGE FREE | BROWK,"LIDL Cage Free Large Brown Eggs, 12 ct","a |  | > |  | AGE FREE |  | P| |  | LA |  | — |  | GE |  | BROWK |  | Go Gs |  | Pe SS SS ee |  | py Gee Gee Gage Gg Ganges |  | —— |  | eas) GES) ime Go |  | > a |  | =n GE |  | oe ee |  | 222"" Ga ees e |  | LIDL |  | Se |  | Cage |  | Free |  | =I |  | | |  | He) Brown Grade A Egg |  | 4 |  | 18 |  | unt |  | eS |  | IST tae |  | ——— | "
6.JPG,vision,4.19,4.19,Y,fallback: first $ price,"2.80, $4.19",,CAGE FREE | LARGE BROWN,"LIDL Cage Free Large Brown Eggs, 12 ct",CAGE FREE | LARGE BROWN | by LADL | LIDL | Cage | Free | Large Brown Grade A Eggs | 18 count | 0224656 | 4 D | $ 2.80 per 12 count | $4.19
7.JPG,tesseract,5.19,,,fallback: first $ price,"$5.19, $2.60, $3.54",,ULTRA-FILTERE | FATRUFE,AMBIGUOUS: 2 products in frame (Maola More $5.19 / fairlife $5.75),"= |  | << |  | = |  | =, |  | PR |  | o |  | ae |  | mont |  | Suu |  | ¥ in ITH |  | a” |  | rete |  | Gut-Friendly |  | Nut |  | th |  | sairlife |  | alrlife |  | a |  | @ |  | i |  | — |  | Lactose Free |  | rr |  | = |  | alte ep |  | no |  | 50+) 50: |  | no |  | = |  | | aseneoucen Far |  | 268 |  | ura: |  | ULTRA-FILTERE |  | 3 |  | = |  | fo |  | M |  | a |  | 2% REDUCED FAT |  | J |  | | |  | aaa |  | vay |  | Xi |  | a Reduced Fat |  | FATRUFE |  | ul |  | tered |  | ne poaucaa) Fat |  | Es |  | $5.19 |  | 52 floz |  | $2.60 per qt. |  | Be. |  | $5.7 |  | $3.54 per at |  | any |  | C7 |  | Whole |  | Mil |  | ray |  | Whole |  | Ww |  | aid |  | = | "
7.JPG,vision,5.19,,,fallback: first $ price,"2.60, $5.19, $3.54, $5.75",,FIBER | FIBER | PROTEIN | SUGAR | KEEP REFRIGERATED | ULTRA-FILTERED | ULTRA- | ULTRA-FILTERED | MAOLA MORE | KEEP REFRIGERATED | FAIRLIFE | SHOT MILL,AMBIGUOUS: 2 products in frame (Maola More $5.19 / fairlife $5.75),"MO | WITH | PROT | FIBER | WITH | FIBER | MORE | PROTEIN | LESS | SUGAR | ""See informacion panel for exact amounts | Mag | Maola | More | Meet the New | Gut-Friendly | KEEP REFRIGERATED | Nutrition Facts | Serving sinu 1245 mM) | Calories | Tetal Fat | Tested Fat | Cholesteral | 120 | Lactose Free | Packed with Protein Lou | 2% REDUCED FAT | ULTRA-FILTERED | MILK | 2% RED | ULTRA- | M | 2% REDUCED FAT | ULTRA-FILTERED | More MILK | MAOLA MORE | 2% Reduced Fat | Milk | Ultra Filtered | 64 fl oz | AD | $ 2.60 per qt. | NEW | $5.19 | Lactaid | Lactaid | 2% | Nut | Cut-Friendly | "" | air | Lactaid | Lactaid | id | Lactaid | Whole | Milk | Lactone Free | Lactaid | Whole | Milk | Lactose Free | ctaid | Whole | Milk | 13 | KEEP REFRIGERATED | Nutrition Facts | About servings per container | Serving | S | We got n | Calories | 120 | T | Saturated Fat | 15% | 15% | | Trans Fatig | FRA | ON | fairlife | fairlife | Ou | FIL | Veg | 7% | 9% | 2% | p | www | wwwww | 1441 21 | ut half of m | Seals, drink | LEZE | HERE | 50 50% | ΕΠΟ | FaceR | Cheers! | 08 | 56316 | FAIRLIFE | 2% Reduced Fat | Milk | 52 fl oz | 40 | $3.54 per qt. | $5.75 | fairlif | Lactai | NO | Lactaid | Lact | SHOT MILL | Wh | Mi | Lactos | L"
8.JPG,tesseract,0.69,0.69,Y,fallback: first $ price,$0.69,,PLUTO,"Bakery Dinner Roll, each (cents-only price, no $ sign)","RE Wragg et nN) CSN |  | (xe |  | eA |  | oe |  | ten... |  | a2 |  | ee at |  | Dinner |  | Roll |  | 100 |  | each |  | PLUTO |  | ¢ |  | + ae |  | omisE: |  | 1D |  | 69 ¢ each |  | — |  | — |  | ae ee |  | — |  | ou, |  | a Nee nes |  | > |  | tise 2! |  | ae |  | ~ |  | a |  | 1S abel |  | en |  | ee ee Se a ee ee eee | "
8.JPG,vision,0.69,0.69,Y,fallback: first $ price,"$9.83, $0.69",,PLUTOO,"Bakery Dinner Roll, each (cents-only price, no $ sign)",Dinner | Roil | 100 | each | PLUTOO | 1D | 0241983 | ¢ | 69 each 69¢
9.JPG,tesseract,18.02,,,fallback: first price,"18.02, 1.89, 3.99, 3.78","16 oz, 8 oz",MILBONA,AMBIGUOUS: 2 products in frame (Sharp Cheddar $3.99 / Extra Sharp $1.89),"™SS |  | Ee he) |  | ky |  | SHREDDED Sia |  | Ri |  | oc |  | N |  | X |  | R |  | ries |  | Ss |  | as |  | Lae! |  | 28 |  | 1 on si |  | = |  | ye |  | — |  | = |  | 34 |  | ve |  | rad |  | “4 CUPS |  | it} |  | WET WT 18.02 (41.8) 4530 |  | WwW |  | So |  | a ¥ |  | A |  | | |  | ~ 5 am |  | a |  | 49 |  | ci OS |  | ae |  | es |  | por) cs |  | 2% |  | —— |  | Fs |  | awa |  | -—| |  | — |  | | = |  | ¥ |  | “4 |  | fl UB, |  | ioe |  | a |  | SSS |  | —— |  | ——_—_— |  | —— |  | yt |  | D |  | De |  | — |  | —— |  | eS TST |  | — |  | = |  | A. |  | =< |  | = |  | >= |  | r« |  | = |  | 25 25 = = |  | el |  | — |  | = SS Se oe |  | = |  | ——4 |  | => ==: |  | Dé |  | Dé |  | D |  | a |  | »< |  | > |  | (_——_j——_ ——_} |  | Ga GC |  | p< |  | A |  | » a |  | Xx |  | — |  | « = ) > ea ¢ |  | x |  | SSS |  | MILBONA| |  | MILBONA |  | Sharp Cheddar |  | Extra Sharp |  | Cheese |  | Cheddar Cheese |  | Finely Shredded |  | Block |  | 16 oz |  | 99 |  | ~@ |  | 8 oz |  | 1.89 |  | $ 3.99 per Ib. |  | = |  | $ 3.78 per lb. |  | ATMS Sa | "
9.JPG,vision,3.99,,,fallback: first $ price,"$3.99, $3.99, $3.78, $1.89","16 OZ, 1 LB, 20g, 1 LB, 2 LBS, 16 oz, 8 oz",KEEP REFRIGERATED | OTTIN | SHREDDED SHARP CHEDDAR CHEESE | SOURCE OF | PROTEIN | KEEP REFRIGERATLO | MILBONA | MILBONA,AMBIGUOUS: 2 products in frame (Sharp Cheddar $3.99 / Extra Sharp $1.89),KEEP REFRIGERATED | 4 CUPS | WT 16 OZ (1 LB) 4539 | 4000 | OTTIN | SHREDDED SHARP CHEDDAR CHEESE | SOURCE OF | PROTEIN | Utrition | acts | 1/4 cup (20g) | container | Calories | 110 | 132 | T 01 27 58107 H | 216 48-01 CL 1040 | KEEP REFRIGERATLO | 4 CUPS | NET WT 16 02 (1 LB) 4530 | -4833-23 | 80 | NET WY32 07 (2 LBS | NET | MILBONA | Sharp Cheddar | Cheese | Finely Shredded | 16 oz | APNG 264378 | $3.99 per lb. | $3.99 | MILBONA | Extra Sharp | Cheddar Cheese | Block | 8 oz | $3.78 per lb. | 121% | Exclusively at | Love it! | $1.89
banana.HEIC,tesseract,4.79,1.79,N,fallback: first $ price,"$4.79, $33.29",,,"Good & Gather Organic Bananas, 2 lb","= = |  | Sea |  | —e |  | Se |  | — |  | a i a |  | en |  | ee |  | =a |  | thine |  | eos |  | wantin a |  | et |  | A. |  | = |  | ene |  | om |  | ae, |  | te |  | . |  | ROE: |  | Good & Gather fres |  | bananas 2b |  | i oo |  | — |  | wt |  | saeco |  | tars |  | si |  | \ acne |  | $479 |  | inn f |  | st |  | SGooc |  | EEE |  | §—2 |  | a |  | - |  | b aia |  | i |  | EE Sti oe |  | ) |  | RAS |  | ie WL |  | =’ << |  | at |  | a a |  | lll |  | > |  | aa |  | =e |  | /ReE gs |  | — |  | es |  | “bad |  | } |  | eed |  | 4 |  | as |  | _- |  | ys |  | yr, |  | a |  | x |  | tT |  | v |  | ""yj |  | Bu |  | = |  | = |  | fi sk |  | 434i |  | ‘ |  | dtoa & |  | (\ |  | ‘Se |  | bad |  | z |  | ~ |  | See |  | ul |  | ss |  | : ¢ |  | is |  | Ww yy |  | —_— we |  | Ns |  | | |  | : |  | & a, |  | ls |  | me |  | a |  | —_—=— |  | : |  | : |  | = |  | | |  | we |  | ; |  | | |  | <= |  | | |  | a. |  | a |  | ~~ |  | ai |  | i |  | i |  | : |  | Sk |  | se |  | . |  | <= |  | ——— |  | S23Be |  | |) 7) =~ ee Poe |  | i i ne |  | ak |  | = © 3 |  | —s |  | . < |  | o |  | e- |  | —f |  | 2 |  | ~~ |  | Vinanas |  | ‘ |  | F |  | : |  | oe |  | = |  | | |  | | |  | as |  | ff |  | vel |  | L |  | : |  | za) |  | t= |  | \ |  | - |  | ££ |  | NG |  | Y |  | <t |  | 4 |  | as |  | a |  | il |  | == ‘3 |  | e |  | a. |  | hy |  | > |  | e |  | & |  | ~— |  | — |  | My |  | = |  | eed |  | te |  | oo ol |  | ~~ |  | eX |  | . |  | : |  | Fle |  | ‘. |  | E |  | oi |  | —_— |  | $3329 |  | ——— |  | weet |  | Tom |  | x“? |  | y |  | as |  | aN |  | ey |  | Nw j |  | ~ 2. |  | \ |  | rs |  | <a |  | $ |  | (s |  | yma |  | 7 |  | wie |  | : |  | i |  | — J |  | - |  | .S |  | a Se |  | ce |  | \\N |  | : |  | % |  | \ |  | WN |  | OO ny ee |  | ey) |  | Ue |  | Ss |  | p |  | t |  | Tae. be cats it ah eae |  | 44 |  | - \e Cas |  | | |  | | |  | }* |  | ad | |  | tan? |  | \ |  | at} |  | } |  | | |  | nf |  | S |  | SS |  | Nereis, |  | I |  | ae |  | “tf |  | A\\\¢ |  | bay |  | Tom |  | 0 |  | r |  | S |  | 4? |  | alias |  | ria, |  | wa |  | ‘ | "
banana.HEIC,vision,1.79,1.79,Y,fallback: first $ price,"$1.79, $3.89, $2.99","2lb, 2ct",EAPULSA | CERTIFIED ORGANIC BY | QUALITY CERTIFICATION SERVICES | PRODUCT OF ECUADOR | ABRASHE | ORGANIC,"Good & Gather Organic Bananas, 2 lb",Good & Gather fresh organic | bananas 2lb | $179 | Good&Gather | Market | T1886/207-00-0001 | 3.1 | $389 | Organic On The Re | Tomales | $2.99 | 2ct Beef | NON | GMO | ganic | bananas | EAPULSA | CERTIFIED ORGANIC BY | QUALITY CERTIFICATION SERVICES | PRODUCT OF ECUADOR | TMA palget Brands | Shop Target.com | Go | Gu | nas | Gut Serv | ABRASHE | -วอน | 8900 | 9 | USDA | ORGANIC | G
bread.HEIC,tesseract,2.69,2.69,Y,label: RETAIL PRICE,2.69,,LASSIC W | UNIT PRICE | RETAIL PRICE | WONDER BREAD | MET TT | FLOWERS,"Wonder Classic White Bread, 20 oz","Peas |  | _* |  | 4 |  | ath |  | a |  | ut |  | — dh, |  | % |  | a |  | o |  | eo - |  | = @® |  | _ |  | ~ |  | A |  | : |  | ©, WON |  | DER |  | ‘4 |  | WONL |  | ‘LASSIC WHIT |  | die a |  | a |  | LASSIC W |  | UNIT PRICE |  | RETAIL PRICE |  | 2.69 |  | 215 |  | WONDER BREAD |  | MET TT | iT] |  | FLOWERS |  | £.% |  | pt |  | 0 0 All |  | , a |  | Ve |  | ad |  | “is |  | \ |  | 2 |  | \ |  | Ps |  | a |  | Se |  | t |  | rot |  | ‘ |  | y |  | t | "
bread.HEIC,vision,2.69,2.69,Y,label: RETAIL PRICE,"2.15, 2.69","1.25 LB, 20 OZ, 1 LB, 4 OZ, 567g",BUTTER B | CONTAINS | WONDER | CLASSIC WHITE | CLASSIC W | UNIT PRICE | RETAIL PRICE | PER LB | WONDER BREAD | FLOWERS | UM FORTIFIED ENRICHED BREAD,"Wonder Classic White Bread, 20 oz","cee | BUTTER B | $4.49 | G | S | "" | 4X | CONTAINS | WONDER | CLASSIC WHITE | WOND | CLASSIC W | 00 | no | UNIT PRICE | RETAIL PRICE | 2.15 2.69 | PER LB | 1.25 LB | 261 01 0550 | 3-2-1.99 | 4 | WONDER BREAD | 200Z WONDER WHITEBREAD | FLOWERS | ONDE | UM FORTIFIED ENRICHED BREAD | ET WT 20 OZ (1 LB 4 OZ) 567g | AST 4X THE CALCIUM OF REGULAR WHITE B"
cheese.HEIC,tesseract,4.55,1.99,N,label: RETAIL PRICE,"4.55, 1.99, 9.09, 4.08",,INFORMATION | CLASSIC | UNIT PRICE | UNIT PRICE | RETAIL PRICE | PER LR | GG CHEESE | PER LB | FINE CU,"Good & Gather RF Mexican-Style Shredded Cheese, 7 oz","Seal |  | ""ites |  | ae |  | a |  | =< |  | ——— |  | ——= |  | Se Se |  | x |  | fa |  | >, |  | SSS. |  | =——— |  | Aa |  | a |  | e |  | a / |  | ty |  | 4 |  | Sy, |  | wy |  | ater Sie |  | RI co |  | / |  | 3 2 |  | 3 |  | haem |  | a |  | y |  | tot |  | { |  | SES |  | —— — |  | ear |  | = |  | < |  | a"" |  | Ga |  | »” |  | —y |  | aan |  | e |  | a |  | = |  | ‘= |  | = |  | ath |  | @i\ |  | \ i |  | * |  | ¥ |  | — |  | ict ve |  | + ae |  | % |  | Ze |  | a. ae |  | ? |  | K |  | a fal |  | 4 |  | 4; |  | AUC |  | j |  | INFORMATION |  | i |  | li |  | TrPn |  | rin |  | cae |  | bv |  | fe} |  | di |  | if |  | & |  | - |  | at |  | ed |  | / |  | CLASSIC |  | Fd |  | ’ |  | & |  | i |  | —_ |  | = pa OS |  | wm 18? |  | a  — |  | 2: |  | — |  | ~. |  | BES |  | | |  | IF |  | USED |  | é |  | € |  | 5 |  | i |  | Fe |  | zs |  | ; |  | i |  | a |  | E |  | O |  | 3 |  | 5 |  | 2 |  | ~~ oe |  | an |  | a |  | es |  | I |  | — |  | be |  | lj |  | j VAY |  | e |  | CWI |  | Wi |  | = |  | = |  | = |  | re NP |  | + Nes |  | AC |  | non eR, MECN Nl; SE |  | an So |  | tt |  | al |  | pene oar |  | esl |  | NE |  | UNIT PRICE |  | UNIT PRICE |  | RETAIL PRICE |  | 474122 |  | 4.55 |  | Ul |  | 0. TS |  | a ei |  | i |  | 1.99 |  | 4) |  | L\| |  | “ |  | ry = |  | rn |  | PER LR |  | GG CHEESE |  | 174122 |  | PER LB |  | nan mes |  | TZ |  | RF MEXIGAN SHRED 704 |  | + —— |  | ""eimai a, |  | 284 111324 |  | x |  | SeeTROTS |  | = |  | eS |  | ROOT, |  | 4 |  | 9.099 6/29 |  | OUT AVEE VCMT TEE TTT 1} 8) |  | ae a ae r |  | af |  | _ |  | ney |  | : |  | *4.089 |  | — |  | casioniine |  | — |  | STN a |  | ‘ |  | = |  | w) |  | ‘a |  | a |  | __: |  | Lee |  | - ee |  | — — o———— |  | 44 4%*%a |  | \ |  | 4. |  | ener |  | ll |  | Sater |  | 5, |  | y |  | heddar 7 |  | any > |  | FINE CU |  | wr ae |  | ~ Sharp Chedd |  | 4 | "
cheese.HEIC,vision,1.99,1.99,Y,label: RETAIL PRICE,"4.55, 1.99, 6.15",7OZ,MEXICAN STYLE | KEEP RE | DUESADILLA | ECLOSABLE FOR FRESHNESS | EAR HERE | ECLOSABLE FOR FRESHNESS | CHEESE | SEE NUTRITION | INFORMATION FOR | SATURATED FAT CONTENT | CLASSIC | NET WT | KEEP REFRIGERA | UNIT PRICE | PER LB | RETAIL PRICE | GG CHEESE | SERVING SUG | UNIT PRICE | PER LB | FINE CU,"Good & Gather RF Mexican-Style Shredded Cheese, 7 oz","Good& | Gather | ed Fat ES BATH REGULAR | MEXICAN STYLE | n-Se | SIC | KEEP RE | TEREY JACK, CHELUA | DUESADILLA | 174122 | ECLOSABLE FOR FRESHNESS | EAR HERE | ECLOSABLE FOR FRESHNESS | 25% LESS FAT THAN OUR REGULAR | CHEESE | Tr | SEE NUTRITION | INFORMATION FOR | SATURATED FAT CONTENT | Gath | Reduced Fat | Mexican-Style | CLASSIC | 11 | BEST IF USED BY 15/FEB/2027 H | 231 17 01 GB 1035 | NET WT | KEEP REFRIGERA | REDUCED FAI Mack | ASALES & QUESO QUESAD | UNIT PRICE | 4.55 | PER LB | 284 11 1324 | 3-4-5.099 6/29 | RETAIL PRICE | 1.99 | GG CHEESE | RF MEXICAN SHRED 7OZ | 174122 | C | Shre | Nev | SERVING SUG | NE | UNIT PRICE | 6.15 | PER LB | 284 11 0137 | 3-4-4.099 6 | Good & | Gather | Cheddar | Good& | Gather | Sharp Cheddar | Gath | Alild Che | FINE CU"
chicken_breast.HEIC,tesseract,2.29,10.37,N,fallback: first $ price,"$2.29, $10.37","4.56LB, 1G",QOKED | MOMETER | BNLS SKNLS BRST | NET WT | ITAL PRICE | NEEDS TO | BE FUL | KEEP REFRIG | ERATED | MOKED | OR FROZE | TFEDERAL REGULATION | PROHIBIT THE | SE OF ADDED | EPARTMENT OF | AGRICULTURE,"Good & Gather Bnls Skinless Chicken Breasts, 4.53 lb","¥ |  | # 4; |  | 2 |  | te |  | aS |  | 7 a vv’ |  | “— 7 |  | ix |  | HEAT |  | % |  | * |  | ‘ |  | «>. |  | v4 |  | 4 |  | - |  | REC |  | we |  | RS |  | xe) |  | ‘a |  | vGEn’ |  | Tt |  | +7 ak |  | QOKED |  | & |  | e |  | <t |  | et |  | ae SAF |  | <tY wus |  | ¢ OF. |  | ant |  | * |  | us |  | + |  | Sha) |  | eEnATUR |  | yer |  | MOMETER |  | gnrar |  | or |  | re |  | ia) |  | 46 |  | 5 WAL |  | ae |  | ygASUR |  | i |  | £. a |  | ii) |  | os |  | % |  | Ly |  | ; |  | quran |  | & = |  | s |  | ay |  | te |  | “93 |  | ae |  | ~¥? |  | «) |  | ae |  | ad |  | on eee |  | Se |  | 2 |  | Seow |  | ill |  | & |  | 7 |  | SS |  | Se |  | 7” |  | ee |  | te SE ESE |  | at |  | aunene |  | yr"" |  | Ne “5 |  | & |  | Pie |  | SF |  | i |  | oS |  | ae 2 re Ae |  | se ay |  | Sy |  | oa |  | Be |  | ge |  | em |  | Mead |  | “tak, |  | at |  | > |  | ay |  | cae hes |  | eae |  | SS |  | Word |  | om, |  | we |  | ae |  | Ze |  | $50 |  | “™"" |  | _ |  | ‘i |  | a! |  | eh |  | we |  | f |  | pile a |  | a5 |  | ak) |  | fog |  | 23 aw |  | oe |  | ¥., |  | :a |  | 4% |  | _ |  | ae |  | eas. |  | NOS |  | Fie |  | NTE |  | se |  | le: |  | ve |  | a |  | = |  | a\\ |  | Li |  | a, |  | pate |  | . |  | a |  | Nae “ |  | Mh |  | z |  | ae |  | 8 |  | > |  | Pd |  | BS, |  | Zt. |  | S |  | * |  | a. |  | 7 as rds, |  | f |  | es |  | As |  | “ |  | tae |  | HN |  | ? = |  | co |  | — |  | K a Se |  | as |  | wee |  | eS |  | we |  | y |  | BS |  | iy |  | i, |  | Ne |  | re |  | mF. |  | a |  | 4 |  | So |  | ms |  | 43 |  | fe |  | ""e |  | é |  | —— |  | <—s |  | | |  | oe. |  | a, |  | % |  | BNLS SKNLS BRST |  | = |  | = |  | a |  | a"" |  | < |  | a a |  | %\ |  | es Ab |  | .: |  | —_————- |  | Boneless Skinles |  | Bay |  | a |  | if |  | oe |  | N |  | 6 oF |  | “4 |  | * |  | pee |  | SELL By |  | Xo |  | oy |  | at |  | AG |  | Chicken Breasts |  | Al. |  | 23 26 |  | f |  | Bret |  | Ni |  | ~y |  | 333 |  | is |  | i] |  | SEP |  | a |  | NET WT |  | as |  | “a |  | eo |  | .- |  | Pe. |  | Re |  | ye |  | ie |  | we |  | i} |  | $2.29LB8 4.56LB |  | ith Rib Meat |  | ny |  | Neca |  | A F |  | ¥ |  | ag |  | ve: |  | | |  | oe |  | bas |  | IL} |  | $10.37 |  | as |  | Sst |  | &: |  | 3 |  | Ps |  | eleF |  | ; |  | 4 |  | ba) |  | ee |  | oe |  | nk |  | ER |  | Nee |  | ITAL PRICE |  | i |  | aff |  | reas |  | i |  | Ls |  | fi |  | aS |  | P-7903-284 -01 -02 |  | te |  | “ |  | ~ |  | f i- |  | Be, |  | Mi |  | Ean |  | * |  | * |  | é. |  | All Natural** |  | indy |  | ts |  | e |  | it |  | ty |  | FS” |  | No Added Hormones or Steroidst |  | St |  | Yi |  | . |  | M4 |  | ¥ |  | f |  | - |  | ig |  | i |  | 4 |  | “, |  | ie |  | Ce aia |  | f |  | ie! |  | a4 NA |  | i |  | 3 |  | 3 |  | es |  | % |  | we |  | ‘a, |  | \ |  | x |  | * |  | > |  | fy |  | er |  | yi |  | a\ |  | 4 |  | */ |  | BS |  | ®; |  | Ne |  | | |  | y |  | ey |  | A, |  | R. 5 iaes |  | f |  | a |  | ae |  | Fs |  | : |  | A |  | : |  | i |  | ad |  | <— |  | Me |  | Le |  | ""3 |  | * 4 |  | 43 |  | ‘-<—"" |  | ev |  | f |  | o |  | * |  | . et |  | = |  | &j |  | _ |  | ae |  | Sun |  | a |  | > |  | % |  | as |  | ANE, |  | a |  | he |  | Oe aad |  | “ge |  | Qe |  | - |  | ® |  | we |  | £&% |  | ‘Nee |  | Sia |  | ath er laden |  | | |  | NEEDS TO |  | BE FUL |  | LYCO |  | ‘\ |  | KEEP REFRIG |  | ERATED |  | MOKED |  | OR FROZE |  | 3 \ |  | **CONTAINS NO ARTIFIC |  | S\ |  | IAL INGREDIENT: |  | . MINIMALLY PROCESSED. |  | REC |  | OK % |  | TFEDERAL REGULATION |  | ine |  | RS |  | Aes |  | we |  | PROHIBIT THE |  | SE OF ADDED |  | ai |  | HORMONES OR STERO| |  | D |  | x |  | . |  | 1655 |  | S IN POULTRY. |  | 23 |  | EPARTMENT OF |  | AGRICULTURE |  | Segue |  | UP TO 5% RETAINED yy |  | TER, |  | ee ee |  | sty |  | O+* |  | ,~ |  | BF 2% |  | Se |  | ae |  | *, |  | -_ |  | yor |  | aw @ |  | Oe |  | a3"" |  | yor’ |  | o33 |  | os |  | awe |  | Qo? |  | —_— |  | ~gaby |  | n2 |  | yi |  | — a | |  | sn! |  | sono. |  | a» |  | oa N! |  | al |  | —. |  | aes an |  | oo |  | ‘ |  | aH |  | pre |  | & |  | gon |  | 1G |  | esp Skinie |  | y 40 |  | Na |  | se wand |  | wie |  | — |  | gad |  | w's |  | ow |  | ~r |  | e |) |  | a9 |  | Win! |  | nue |  | as |  | Aa |  | oO |  | ‘ |  | a ee |  | Breast | "
chicken_breast.HEIC,vision,10.37,10.37,Y,label: TOTAL PRICE,"10.99, $10.37","516g, 2.29 LB, 4.53 LB",NEEDS TO BE FULLY COOKED | KEEP REFRIGERATED OR FROZEN | KEEP REFRIGERATED OR FROZEN | NEEDS TO BE FULLY COOK | HORMONES OR STEROIDS IN | CHICKEN RAISED | CUSTOM | SERVING SUGGESTION | KEEP REFRIGERATED | UNCOOKED FOR SAFETY MUST BE COOKED | AS MEASURED BY A FOOD THERMOMETER | BNLS SKNLS BAST | BELL BY | TOTAL PRICE | MILD-MED | DEPARTMENT OF | AGRICULTURE | HOLES | DEPARTMENT OF | AGRICULTURE | COOK TO | DEGREES,"Good & Gather Bnls Skinless Chicken Breasts, 4.53 lb",Good& | Gather™ | Boneless Skinless | Chicken Breasts | With Rib Meat | All Natural** | No Added Hormones or Steroidst | NEEDS TO BE FULLY COOKED | KEEP REFRIGERATED OR FROZEN | **CONTAINS NO ARTIFICIAL INGREDIENTS. MINIMALLY PROCESSED. | +FEDERAL REGULATIONS PROHIBIT THE USE OF ADDED | HORMONES OR STEROIDS IN POULTRY. | UP TO 5% RETAINED WATER. | *FEDERAL REGULATIONS PROHIBIT THE USE OF ADDED | **CONTAINS NO ARTIFICIAL INGREDIENTS. MINIMALLY PRO | KEEP REFRIGERATED OR FROZEN | NEEDS TO BE FULLY COOK | TO 5% RETAINED | HORMONES OR STEROIDS IN | WATER. | POULTRY. | CHICKEN RAISED | TIBIOTICS* | 10.99 | CUSTOM | Meals | & Cream Cheese | Stuffed with Green Chiles | Chicken Breasts | Relleno-Style | Breaded Chile | SERVING SUGGESTION | KEEP REFRIGERATED | UNCOOKED FOR SAFETY MUST BE COOKED | TO AN INTERNAUTEMPERATURE OF 16STE | AS MEASURED BY A FOOD THERMOMETER | NETWT 18.200Z (516g) | BNLS SKNLS BAST | 1849 01037 | P-7903-254-01-02 | BELL BY | SEP 23 28 | PRICE/LB NET WT LBS | $2.29 LB 4.53 LB | $10.37 | TOTAL PRICE | MILD-MED | HEAT | INSP | TED | U.S. | DEPARTMENT OF | AGRICULTURE | P4121A | INSP | HOLES | CTED | U.S. | DEPARTMENT OF | AGRICULTURE | COOK TO | 165 F | DEGREES | . .d& | Gather | Boneless Skinles | Chicken Breast
chicken_breast2.HEIC,tesseract,2.08,10.38,N,fallback: first price,"2.08, 10.38",,NATURA | REAST | NET WT LB | BONELE | HICKEN | PROTEIN | PER SERVING | PROCESS | VERIFIED | GRADE | KEEP REFRIGERATE | D - CONTAINS UP T | ANBALLY PROCESSE | RAD PO,"Perdue Boneless Skinless Chicken Breasts, 2.08 lb","= |  | = |  | Saree |  | Bar |  | aes |  | = <r |  | 3 |  | Sd |  | = |  | ~ |  | § |  | —> |  | ~~ |  | a eee |  | * |  | : |  | b cal |  | Way |  | é |  | Re |  | é |  | = |  | oe |  | a |  | y 3 |  | s |  | ee |  | é |  | S |  | S |  | = |  | % |  | NATURA |  | ke |  | 7 res |  | H* AND ALL |  | ( |  | REAST |  | yy |  | 9) BONELESS B |  | yf |  | ®t |  | pe y |  | a |  | USE ORFREEZEBYS EP 23 26 |  | AS ta YE |  | PRICE/LB |  | NET WT LB |  | 4 Vy |  | 2,08 |  | a7 |  | ve |  | a |  | MEAT DEPT. |  | { |  | x |  | 10.38 |  | ile a eee |  | | |  | © o!212800"" 0103 |  | a |  | an |  | “SOTALPRICE |  | MT ieys |  | RC |  | % |  | -253 -08 tele |  | RL eR |  | | |  | = |  | t |  | it |  | , |  | : |  | = |  | = |  | BONELE |  | co |  | : |  | - |  | 4 |  | 259 |  | 7% |  | Ae |  | HICKEN |  | PROTEIN |  | \ |  | mn |  | PER SERVING |  | yA |  | “53 |  | we |  | ix |  | - BREASTS |  | « |  | : |  | ie: |  | he os |  | sy |  | i |  | Ne |  | oe |  | J 100% ALL NATURAL"" |  | } |  | a |  | RMS |  | i. |  | f |  | ISED ON AME! |  | e |  | y |  | IDS ADDED"" |  | | |  | ay |  | oh |  | © HORMONES |  | . |  | ay |  | | |  | | |  | Vi kee |  | ieixS |  | o |  | 3 |  | ee |  | 97 |  | “one |  | cat |  | ‘y. |  | yt é |  | 4% |  | S |  | e* |  | Hy |  | USDA |  | cy INTHE |  | xe |  | USDA |  | USA |  | a \A |  | si |  | PROCESS | |  | Ay ges |  | & |  | VERIFIED |  | 4 |  | GRADE |  | rg |  | TICS |  | Sait |  | = |  | \ |  | Wh |  | x |  | : |  | :processverified.usda. gov |  | pINEO |  | oP ~ |  | W |  | & | | hi |  | ut |  | © 5% RET. |  | SINP |  | ons |  | f |  | KEEP REFRIGERATE |  | D - CONTAINS UP T |  | STERO! |  | p |  | rin |  | — |  | - |  | al REGULATIONS |  | rrared |  | ate ein |  | iT THE USE O |  | = HORMONES OR |  | yp? |  | re “4 |  | rae |  | FEDE |  | i. |  | ice |  | tk |  | eS |  | ANBALLY PROCESSE |  | bh |  | bY |  | hy |  | aq |  | 7 |  | hi |  | Perec. |  | FNessver; fheg |  | SCERY 8s |  | ~. |  | i |  | my |  | ~ |  | 8392, goy |  | H |  | ; |  | ULATIONS =. |  | aes |  | wey |  | ay |  | TED - Coy, |  | Tye |  | res |  | INS UP To |  | a® |  | re U |  | ~S |  | OF ae |  | ™~ |  | MOpcc |  | »” ~ |  | 5% RETAINED WATER |  | i |  | oyd |  | j |  | oa |  | Fence, |  | ‘7 ee |  | ote |  | Cras |  | RAD PO |  | NS oe Ory |  | 2, |  | ee |  | m |  | RALLY Brees |  | 3 59c |  | = |  | lake |  | = |  | NA F ‘ |  | pF |  | Se |  | i |  | o> |  | ———— |  | t |  | Ve |  | Pee |  | eo Seay |  | = |  | (@ |  | oh |  | zy |  | g |  | A |  | #9 |  | ee |  | AA oY |  | we |  | Aw g |  | ot, |  | 7 |  | 2S |  | == |  | ey |  | OL? @, |  | ye |  | ~~ |  | a |  | ~~ | "
chicken_breast2.HEIC,vision,10.38,10.38,Y,label: TOTAL PRICE,"$4.99, 2.08, $10.38",,NED WATE | SN POULTR | BONELESS SKINLESS | CHICKEN | BREASTS | PROTEIN | PER SERVING | BONELESS BREAST | NET WT LB | MEAT DEPT | TOTAL PRICE | ANTIBIOTICS | PROCESS | A VERIFIED | GRADE | HATCHED | RAISED | IN THE | HARVESTED | ANOLER | DEPARTMENT OF | AGRICULTURE | FEDERAL REGULATIONS PROHIBIT THE USE OF HORMONES OR STEROIDS IN POLTT | ANIMALLY PROCESSED NO ARTIFICIAL | DEPARTMENT OF | ASRICAYAL | FEDERAL REGULATIONS PROHIBIT THE USE OF HORMONES OR STEROIDS IN POULTRY | MINUALLY PROCESSED NO ARTIFICIAL INGREDIENTS,"Perdue Boneless Skinless Chicken Breasts, 2.08 lb","201 | Perdue | NED WATE | SN POULTR | 99% FAT FREE | BONELESS SKINLESS | CHICKEN | BREASTS | 100% ALL NATURAL** | ✔ RAISED ON AMERICAN FARMS | ✔NO HORMONES OR STEROIDS ADDED** | 25g | PROTEIN | PER SERVING | T | 1241) | RUM | FRESH AND ALL NATURAL"" RESHNES | BONELESS BREAST | USE OR FREEZE BYSEP 23 28 | 0 212800 010381 | PRICE/LB | $4.99 | RC | NET WT LB | 2.08 | MEAT DEPT | $10.38 | TOTAL PRICE | -253-08-6903 | NO | ANTIBIOTICS | EVER!* | USDA | USDA | PROCESS | A VERIFIED | GRADE | HATCHED | RAISED | processverified.usda.gov | IN THE | USA | HARVESTED | ANOLER | *U.S. | ED | DEPARTMENT OF | AGRICULTURE | KEEP REFRIGERATED CONTAINS UP TO 5% RETAINED WATER | FEDERAL REGULATIONS PROHIBIT THE USE OF HORMONES OR STEROIDS IN POLTT | ANIMALLY PROCESSED NO ARTIFICIAL | processverdied.usda.gov | DEPARTMENT OF | ASRICAYAL | KEEP REFRIGERATED CONTAINS UP TO 5% RETAINED WATER | FEDERAL REGULATIONS PROHIBIT THE USE OF HORMONES OR STEROIDS IN POULTRY | MINUALLY PROCESSED NO ARTIFICIAL INGREDIENTS"
eggs.HEIC,tesseract,1.99,1.99,Y,fallback: first price,1.99,,DOZER,"Good & Gather Organic Lg Brown Eggs, 1 dz (sale; reg 2.79)","sa |  | oes |  | < |  | » © |  | ae |  | we |  | ee. |  | ut |  | 7 |  | ae |  | cs |  | eee |  | nae |  | ete |  | e |  | Agnes |  | ae |  | as |  | a |  | Be |  | ""ts |  | ere |  | iat |  | — |  | om |  | aes |  | tT |  | Al le ls |  | ~ |  | fresh - ege* |  | a |  | tri |  | , ed |  | YEN |  | vin |  | 0h f |  | Dern |  | nt |  | a |  | Serving |  | Adie |  | Amoun: |  | i |  | — |  | Per Serving |  | ao. |  | wae? |  | Ca |  | Nea |  | rd |  | Wore |  | >> |  | , |  | C |  | ys |  | lorieg 1M |  | oO |  | = |  | —_— |  | ( |  | Q |  | rr |  | ae |  | large brown fresh - cues |  | +} |  | a |  | Lvs |  | eee |  | ae |  | sin cae |  | ai |  | en ee |  | my |  | ee |  | eset |  | ” ine |  | with 4 |  | Qn |  | a |  | vve |  | a |  | on |  | wit |  | 12 |  | q |  | Wo |  | —— |  | Vu |  | 4 |  | ie} |  | i |  | 0 |  | u |  | ih |  | SCOVEF eliCious |  | Grijanlc largebrowntesh-eggs @ |  | every day.” |  | rr |  | ce |  | f |  | ae |  | AG |  | a |  | 68 |  | t |  | 0 |  | € |  | Eo |  | D |  | iG |  | C |  | Zh, |  | — |  | —er—UhMUhU(hC————eehllCUreeeCEE eee eee |  | — = \ |  | mor |  | > |  | 4 |  | —s |  | Seep |  | a |  | EeeE7E7” |  | = |  | 2 |  | — |  | 6 |  | - |  | \ |  | \V |  | —_————- |  | = |  | a LT LY TTT TT |  | SS\-VOQ-SSszo0 |  | WEEuRZ oO |  | AS-VESSe LLEDO BO VV |  | ~~ |  | UN |  | PR! |  | ee |  | Zin. rRica. |  | — 4 |  | a. |  | ~ |  | = |  | ~ |  | DOZER |  | 1.99 |  | “~~ |  | on |  | a, |  | | |  | o-°? |  | a. |  | 2) ae |  | Sy |  | tee, |  | ~~ |  | MY oe |  | we |  | cars |  | etait |  | Say |  | we |  | rs |  | * |  | ee. |  | i |  | ng |  | SY |  | cee |  | yy |  | am |  | ok |  | *%) |  | 2 |  | be? hu |  | xy |  | te |  | a |  | ¢ |  | he |  | A |  | ; |  | Sat |  | he |  | fA |  | % |  | pews |  | en |  | 4 |  | t |  | yad.S |  | Po Prrctl |  | t |  | arge bres? |  | "" Grade. |  | a> |  | a | "
eggs.HEIC,vision,1.99,1.99,Y,label: REAL PRICE,"1.99, 2.79, 1.99",,GATHER | OMISE | MURN O | ISCHKU | RVING | ON INFORMATION | RGANIC | UNIT PRICE | PER DOZEN | REAL PRICE | GG EGGS,"Good & Gather Organic Lg Brown Eggs, 1 dz (sale; reg 2.79)","GATHER | GOOD | PRO | large brown e | organic fresh eggs | large brown | organic fresh eggs | Nutrition Facts | 8 servings per container | Serving size 1 Cup 1240m | Amount per serving | Calories 100 | Nutrition Fas | Calories | organic large brown fresh eggs | OMISE | Every product | that carries the | Good&Gather name | starts with trusted | ingredients and | tastes you'll love, all | at prices that inspire. | So today and always | it's easy for you and | your family to | discover delicious | every day. | We promise you'll | love each bite or your | money back | 0 | 85239 08784 | 606 15472 51-4114 | EETENED Original | C-002263-01-155 | 284 06 0377 25620-5F | ON | EE | ED | MURN O | IN | ISCHKU | RIES | RVING | ON INFORMATION | ATED FAT CONTENT. | MADE | WITH | RGANIC | UNIT PRICE | 1.99 | PER DOZEN | organic large brown fresh eggs | UNIT? | REAL PRICE | 2.791.990 | GG EGGS | GRADE A-LARGE-12 EGGS | PERISHABLE-KEEP REFRIGERATED AT OR BELOW 45°F | Good& | Gather | NE | Good& | Gati.er | 12 Large Fresh Grade"
eggs2.HEIC,tesseract,,2.69,N,none found,,,AHP WOERHOE RAT EE | OF OPENING,"Good & Gather Cage Free Lg Brown Eggs, 12 ct","eM Se et Ae |  | Fie ee |  | Ce |  | oe |  | gAS |  | oe |  | ie |  | eee. |  | seat |  | re |  | behest |  | Ry |  | a |  | cs |  | u |  | an |  | 3 |  | — |  | fis |  | reas |  | pip |  | MB |  | bid |  | ~~ |  | = |  | a5 |  | ee |  | 4 |  | ae |  | + |  | i |  | 4 |  | Ait) |  | (Zara) |  | i |  | Wt) |  | a |  | has teURUED |  | vo! |  | AHP WOERHOE RAT EE |  | ~ |  | URE WET DURN ? OES |  | ' |  | 1 @ |  | OF OPENING |  | woe! |  | Za |  | ‘i |  | is |  | ey |  | : |  | z |  | ee |  | Seti ri |  | Se |  | % |  | I) |  | & |  | FACE |  | = |  | Ss |  | A |  | Sra |  | Py |  | ‘ |  | eracEe |  | PER |  | DBO |  | we | |  | te |  | 284 o |  | .§9 |  | 1-3-4 |  | 3 1030 |  | 8 |  | a8 |  | ABRN tacr |  | we |  | ft |  | tog |  | ys |  | y/ |  | eT TT la re So |  | "" fresh; . |  | “ehggeap tb |  | “ |  | Sone |  | slaget 4 |  | Aue f |  | “Yan |  | fe |  | ta |  | h |  | erge |  | / |  | Pipa. |  | Sid |  | a |  | i |  | He |  | —— |  | j, |  | 3 |  | Vi |  | y |  | 1, |  | Jk Oe |  | £ |  | / |  | y |  | i 4 |  | ‘2 |  | a |  | ae |  | Me |  | Y/, |  | r |  | ” |  | y |  | t, |  | ti |  | Uf |  | Pe. |  | Tue, |  | ef |  | —™~ |  | n |  | & |  | es |  | i |  | 4 |  | ee |  | 4 |  | Xfi |  | m- &A. |  | Pies | "
eggs2.HEIC,vision,2.69,2.69,Y,label: RETAIL PRICE,"2.69, 2.69",12CT,THE S | PRICE | PER DOZEN | ROVED | RECIPE | ARGARINUESS | MISHO CARE | PASTEURIZED | KEEP REFRIGERATED | USE WITHIN DAYS | OF OPENING | RETAIL PRICE | GG EGGS | III LG GRADE A,"Good & Gather Cage Free Lg Brown Eggs, 12 ct","OAT | LY! | FULL | FAT | THE S | T1886 | 0103 | N284DY7 S | 21.0"" 06-14 | как | ssic | EGGS | PRICE | 2.69 | PER DOZEN | 1.0 DOZEN | 284 03 1032 | 1-3-1 | 5 | ROVED | RECIPE | USDA | ARGARINUESS | MISHO CARE | S | NO | PASTEURIZED | KEEP REFRIGERATED | USE WITHIN DAYS | OF OPENING | RETAIL PRICE | 2.69 | GG EGGS | CF LRG GRD A BRN 12CT | III LG GRADE A | organic large brown fresh egg | organic large brown fresh eggs"
milk.HEIC,tesseract,0.73,4.19,N,fallback: first $ price,"$0.73, 2.78, 284.02",,NOTTO | CAL HI | ED BY TARGET CORPORATIO | NUT PRICE | RETAIL PRIOL,"Good & Gather Whole Milk, 1 gallon","ee |  | fi |  | te |  | Whole |  | me |  | Milk |  | oUF |  | OUR |  | y |  | arrvirt D |  | rBST |  | rBST |  | <epe |  | \; |  | SN |  | <ep? |  | Y |  | 4 |  | e HOMOGENIZE) = |  | LSS: |  | (VA 5 DAYS OF |  | » |  | 0 |  | untiserving —-% DV |  | il| |  | | |  | Fat 8g |  | otal |  | 2 |  | Fat 59 |  | 25% |  | Fiber 0g |  | u |  | Total S |  | i |  | * |  | 7 |  | rans Fat Sq |  | 6£2S8 |  | 41% |  | Incl Oo Ade |  | .) |  | Ut |  | ) Choles’ a |  | | |  | Sodiu: |  | le |  | 020 v8 9Lt-10-2L6000 |  | IM |  | Tepe ONO UAE AL DLO) |  | Hh Pro |  | oy |  | 73¢ |  | | |  | 0 VED (Gi: |  | u |  | Jes |  | {ron Q |  | in |  | \ |  | | |  | ILK; VITAMIN DS |  | “BST PLED |  | herp |  | = |  | << |  | NOTTO |  | CAL HI |  | f |  | ALi |  | 9 |  | Vi66062 $00 |  | LK | |  | ED BY TARGET CORPORATIO |  | 5 BEEN |  | Wh |  | OLIS, MN 55403 |  | ERED |  | AND NON-188 |  | \ |  | a) |  | 19 Target Brands. |  | t.com |  | ‘Services 1-% |  | GALLON (2.78 |  | wen |  | Mie"" |  | — aT |  | yuu |  | - |  | ane |  | ~ |  | NUT PRICE |  | i hedee t |  | RETAIL PRIOL |  | 1, |  | .19 |  | a tie |  | MILK |  | 284.02 Ooos 5 |  | 4. |  | Wil Anew |  | 4-180 are |  | : |  | ~ |  | NO OMED TERN WANN ies |  | ow |  | es |  | = |  | a |  | ee, |  | Son Se |  | -— | "
milk.HEIC,vision,4.19,4.19,Y,label: RETAIL PRICE,"1.05, 4.19","3.78 L, 11g, 240ml",PLEDGE | CONTAINS MILK | DISTRIBUTED BY TARGET CORPORATION | NOT TO TREAT THEIR COWS WITH | HAS BEEN SHOWN BETWEEN MILK | KOSHER | RIDAIRY | UNIT PRICE | PER QT | RETAIL PRICE | GO MILK | FLEDGE | LEDGE,"Good & Gather Whole Milk, 1 gallon","ef | Good& | TH | Whole | Milk | Gather Vitam D | O | GRADE A PASTEURIZED HOMOGENIZED USE WITHIN 5 DAYS OF OPENING KEEP REFRIGERATED | Nutrition Amount/serving | OUR | rBST | PLEDGE | Good& | Whole | Milk | Gather Vitamin D | Nutrition | % DV Amount/serving | % DV | Facts | Total Fat 8g | 16 servings | Sat Fat 5g | 10% Total Carb 12g | 25% Fiber Og | 4% | 0% | Trans Fat 0g | 11% | Serv. size | 1 cup (240mL) Cholest | Sodium | Calories 150 VIED 10% train | per serving | INGREDIENTS: MILK, VITAMIN D3. | CONTAINS MILK | Total Sugars 11g | Incl Og Added Sugars 0% | 5% Protein 8g | 20% Iron 0% • Potas 8% • Vit A 10% | DISTRIBUTED BY TARGET CORPORATION | MINNEAPOLIS, MN 55403 | TM & ©2019 Target Brands, Inc. | Shop Target.com | Guest Services 1-800-8:51 | *TBST PLEDGE: OUR FARMERS PLEDGE | NOT TO TREAT THEIR COWS WITH | TBST. NO SIGNIFICANT DIFFERENCE | HAS BEEN SHOWN BETWEEN MILK | DERIVED FROM rBST TREATED COWS | AND NON-TBST TREATED COWS. | GALLON (3.78 L) | KOSHER | 0 | 85239 28405 | 6 | C-000972-01-176 284 02 0005 23099-1A | 100% Satisfaction | Guaranteed or | Your Money Back | RIDAIRY | UNIT PRICE | 1.05 | PER QT | 284 02 0005 3 | 1-4-1.90 9/9 | RETAIL PRICE | 4.19 | GO MILK | WHOLE VITAMIN D 1260Z | 13160 | C | wed | Facts | 10% | 129 | %DV | 4% | 29% | 0% | Terv | ars 11g | (240ml) | 150 | Sugars 0% | GALLON (3 | QUA | rBST | FLEDGE | 085239 28405 | 6 | LEDGE | C-000972-01-176 284 02 0005 23099-14 | 100% Satisfaction | Saranteed or | Money Back"
